id,itemUrl,title,picUrl,initialPrice,consultPrice,viewerCount,applyCount
766167512859,//sf-item.taobao.com/sf_item/766167512859.htm?track_id=e8e596ca-7c03-4b75-bf32-d04eb4c3e357,北京市朝阳区望京园603号楼9层1007号房屋,//img.alicdn.com/bao/uploaded/i4/2231208898/O1CN01D9F5rU2FbL7GHe9s7_!!2231208898-0-paimai_gov.jpg,1160000.0,2056454.0,21110,3
763016512113,//sf-item.taobao.com/sf_item/763016512113.htm?track_id=e8e596ca-7c03-4b75-bf32-d04eb4c3e357,北京市昌平区东小口镇天通苑四区16号楼4层441室,//img.alicdn.com/bao/uploaded/i3/2231208898/O1CN01Owe6Ar2FbL72R2Sud_!!2231208898-0-paimai_gov.jpg,2160000.0,3853358.0,13699,0
768515190051,//sf-item.taobao.com/sf_item/768515190051.htm?track_id=e8e596ca-7c03-4b75-bf32-d04eb4c3e357,北京市通州区八里桥南街68号3号楼11层1207房屋,//img.alicdn.com/bao/uploaded/i1/2240421956/O1CN018ysP821QJtdDLch0C_!!2240421956-0-paimai_gov.jpg,2745910.0,4903410.0,2387,0
768521149733,//sf-item.taobao.com/sf_item/768521149733.htm?track_id=e8e596ca-7c03-4b75-bf32-d04eb4c3e357,北京市朝阳区东三环南路17号B座24层25G,//img.alicdn.com/bao/uploaded/i4/2235258307/O1CN01NoM2bY2BEf2qhlY9X_!!2235258307-2-paimai_gov.png,4580000.0,8167215.0,1402,0
766670507794,//sf-item.taobao.com/sf_item/766670507794.htm?track_id=e8e596ca-7c03-4b75-bf32-d04eb4c3e357,北京市朝阳区双桥东路9号一区25号楼1至3层750,//img.alicdn.com/bao/uploaded/i1/2232785245/O1CN019YqbkI1ocGHoLxJHE_!!2232785245-0-paimai_gov.jpg,8834528.0,13803943.0,3629,0
768292234307,//sf-item.taobao.com/sf_item/768292234307.htm?track_id=e8e596ca-7c03-4b75-bf32-d04eb4c3e357,北京市海淀区西钓鱼台嘉园4号楼15层1501室,//img.alicdn.com/bao/uploaded/i2/2408686333/O1CN01cdRKFu1weZD5TzWsy_!!2408686333-0-paimai_gov.jpg,12604735.0,14829100.0,3714,0
763176749535,//sf-item.taobao.com/sf_item/763176749535.htm?track_id=e8e596ca-7c03-4b75-bf32-d04eb4c3e357,北京市昌平区东小口镇天通西苑三区27号楼11层1104号房屋,//img.alicdn.com/bao/uploaded/i1/2231208898/O1CN01kdOTsa2FbL739NtGd_!!2231208898-0-paimai_gov.jpg,4240000.0,7560420.0,4544,0
766078848891,//sf-item.taobao.com/sf_item/766078848891.htm?track_id=e8e596ca-7c03-4b75-bf32-d04eb4c3e357,北京市海淀区蓝靛厂南路39号院2号楼7层4-701,//img.alicdn.com/bao/uploaded/i2/2207587574856/O1CN01lDBGGu1lk6DaP6p8H_!!2207587574856-0-paimai_gov.jpg,14245000.0,20350000.0,6624,0
766162931497,//sf-item.taobao.com/sf_item/766162931497.htm?track_id=e8e596ca-7c03-4b75-bf32-d04eb4c3e357,北京市昌平区西关瑞明小区10号楼5层5单元503号房屋,//img.alicdn.com/bao/uploaded/i1/2231208898/O1CN01ZjW2N22FbL7Fg7xOH_!!2231208898-0-paimai_gov.jpg,1390000.0,2462086.0,18096,0
763616702907,//sf-item.taobao.com/sf_item/763616702907.htm?track_id=e8e596ca-7c03-4b75-bf32-d04eb4c3e357,北京市顺义区裕龙花园六区23号楼4层三单元402:128.43(㎡),//img.alicdn.com/bao/uploaded/i4/2240322043/O1CN01uGywUC1Qxk5BUUNwA_!!2240322043-0-paimai_gov.jpg,3210000.0,4579300.0,4533,0
763758602765,//sf-item.taobao.com/sf_item/763758602765.htm?track_id=e8e596ca-7c03-4b75-bf32-d04eb4c3e357,北京市丰台区葆台北路6号一区22号楼1至3层01（219.07㎡）,//img.alicdn.com/bao/uploaded/i2/2260867569/O1CN01J140xW25mekGM3kzr_!!2260867569-0-paimai_gov.jpg,12270000.0,17515376.66,5363,0
766167940784,//sf-item.taobao.com/sf_item/766167940784.htm?track_id=e8e596ca-7c03-4b75-bf32-d04eb4c3e357,大兴区三羊北街3号院18号楼-1至1层1单元101,//img.alicdn.com/bao/uploaded/i1/2040098540/O1CN01R3S3sd2CxNKDqNNaO_!!2040098540-0-paimai_gov.jpg,8983500.87,12833572.67,2208,0
765994793359,//sf-item.taobao.com/sf_item/765994793359.htm?track_id=e8e596ca-7c03-4b75-bf32-d04eb4c3e357,北京市顺义区石园北区23号楼16层1601房产（110.85㎡）,//img.alicdn.com/bao/uploaded/i4/2240322043/O1CN01Densga1Qxk5K3acZM_!!2240322043-0-paimai_gov.jpg,2540000.0,3626790.33,4432,0
764841155962,//sf-item.taobao.com/sf_item/764841155962.htm?track_id=e8e596ca-7c03-4b75-bf32-d04eb4c3e357,北京市朝阳区慧忠北里310号楼10层1002号住宅,//img.alicdn.com/bao/uploaded/i4/3204299775/O1CN01JJ3JLA2M50Sqs4vYq_!!3204299775-0-paimai_gov.jpg,5696110.0,8137300.0,7422,1
763412498356,//sf-item.taobao.com/sf_item/763412498356.htm?track_id=e8e596ca-7c03-4b75-bf32-d04eb4c3e357,北京市朝阳区怡景园北里1号楼4层6B，产权证号为X京房权证朝字第1423407号,//img.alicdn.com/bao/uploaded/i2/2786168033/O1CN01m8qCUK29DAWCgFQSb_!!2786168033-0-paimai_gov.jpg,9344160.0,13348800.0,4263,0
765065832841,//sf-item.taobao.com/sf_item/765065832841.htm?track_id=e8e596ca-7c03-4b75-bf32-d04eb4c3e357,北京市朝阳区安翔南里7号楼6层2门602号,//img.alicdn.com/bao/uploaded/i4/2231298949/O1CN01qzPehJ2FyhJWK850M_!!2231298949-0-paimai_gov.jpg,2490000.0,3556187.0,4117,0
764464610033,//sf-item.taobao.com/sf_item/764464610033.htm?track_id=e8e596ca-7c03-4b75-bf32-d04eb4c3e357,北京市北京经济技术开发区贵园南里戊区7号楼6层5单元601,//img.alicdn.com/bao/uploaded/i3/2240421944/O1CN01QSZ0tA1QEOs854XCj_!!2240421944-0-paimai_gov.jpg,2975000.0,4250000.0,5670,0
769079283795,//sf-item.taobao.com/sf_item/769079283795.htm?track_id=e8e596ca-7c03-4b75-bf32-d04eb4c3e357,北京市朝阳区南湖南路13号院2号楼3层2单元302号住宅、13号院5幢-2层2038号、2040号车位,//img.alicdn.com/bao/uploaded/i4/3175587432/O1CN01cOiyQn24luUIHg0Bo_!!3175587432-0-paimai_gov.jpg,18400000.0,0.0,408,0
766274643758,//sf-item.taobao.com/sf_item/766274643758.htm?track_id=e8e596ca-7c03-4b75-bf32-d04eb4c3e357,北京市丰台区城南嘉园益城园7号楼8层3-803,//img.alicdn.com/bao/uploaded/i2/2046195679/O1CN010AoBuC1rp2BFFTcBd_!!2046195679-0-paimai_gov.jpg,6240000.0,8908876.66,3457,0
766146458093,//sf-item.taobao.com/sf_item/766146458093.htm?track_id=e8e596ca-7c03-4b75-bf32-d04eb4c3e357,北京市丰台区西马场南里一区13号楼4层3-402,//img.alicdn.com/bao/uploaded/i2/2046195679/O1CN01yvawuD1rp2BBJ2cGi_!!2046195679-0-paimai_gov.jpg,4840000.0,6907166.33,2797,0
766180826206,//sf-item.taobao.com/sf_item/766180826206.htm?track_id=e8e596ca-7c03-4b75-bf32-d04eb4c3e357,北京市丰台区蒲方路9号院3号楼8层803号,//img.alicdn.com/bao/uploaded/i3/2046195679/O1CN01iOzWpY1rp2B6xCzld_!!2046195679-0-paimai_gov.jpg,2220000.0,3171282.33,4066,0
765979967196,//sf-item.taobao.com/sf_item/765979967196.htm?track_id=e8e596ca-7c03-4b75-bf32-d04eb4c3e357,北京市朝阳区潘家园28号楼18层2单元18D（177.89㎡）,//img.alicdn.com/bao/uploaded/i3/2260867569/O1CN010h8mgb25mekHUqDFK_!!2260867569-0-paimai_gov.jpg,8412525.1,12017893.0,4606,0
766561520868,//sf-item.taobao.com/sf_item/766561520868.htm?track_id=e8e596ca-7c03-4b75-bf32-d04eb4c3e357,北京市朝阳区松榆花园（御景园）1号楼16-B,//img.alicdn.com/bao/uploaded/i3/2232785245/O1CN010978dM1ocGHyWqn7G_!!2232785245-0-paimai_gov.jpg,6340000.0,9055880.0,2257,0
765634904489,//sf-item.taobao.com/sf_item/765634904489.htm?track_id=e8e596ca-7c03-4b75-bf32-d04eb4c3e357,北京市大兴区郁花园二里13号楼3层3-302,//img.alicdn.com/bao/uploaded/i2/2046195679/O1CN01hLSDha1rp2BEuS5iQ_!!2046195679-0-paimai_gov.jpg,3660000.0,5219639.0,4330,0
765823094680,//sf-item.taobao.com/sf_item/765823094680.htm?track_id=e8e596ca-7c03-4b75-bf32-d04eb4c3e357,北京市昌平区回龙观镇龙兴园小区13号楼2层2单元202,//img.alicdn.com/bao/uploaded/i1/2231298949/O1CN010JnEmR2FyhJSCzJzX_!!2231298949-0-paimai_gov.jpg,3000000.0,0.0,4834,0
763341482346,//sf-item.taobao.com/sf_item/763341482346.htm?track_id=e8e596ca-7c03-4b75-bf32-d04eb4c3e357,北京市海淀区西三旗花园一里25号楼3层1单元302（157.81㎡）,//img.alicdn.com/bao/uploaded/i3/2260867569/O1CN01RXvwMD25mejyUfDTj_!!2260867569-0-paimai_gov.jpg,9112437.6,16272210.0,13542,0
763230467544,//sf-item.taobao.com/sf_item/763230467544.htm?track_id=e8e596ca-7c03-4b75-bf32-d04eb4c3e357,（破）深圳瀚明投资公司名下北京市西城区西四北六条 33 号的四合院,//img.alicdn.com/bao/uploaded/i2/2209930427874/O1CN01a5HmOD282LXbQr6gV_!!2209930427874-0-paimai_gov.jpg,129920560.0,129920560.0,41614,0
761633146398,//sf-item.taobao.com/sf_item/761633146398.htm?track_id=e8e596ca-7c03-4b75-bf32-d04eb4c3e357,北京市朝阳区甘露园南里二区14号楼6层8单元0862室房屋,//img.alicdn.com/bao/uploaded/i3/3175559532/O1CN01qUXfhE2KHiDQj56KW_!!3175559532-0-paimai_gov.jpg,2697220.4,3853172.0,7999,0
764562533702,//sf-item.taobao.com/sf_item/764562533702.htm?track_id=e8e596ca-7c03-4b75-bf32-d04eb4c3e357,北京市通州区杨庄北里4号楼1单元801号房产,//img.alicdn.com/bao/uploaded/i2/2594886542/O1CN01F8He7P1yCHz7AzODd_!!2594886542-0-paimai_gov.jpg,2360000.0,3326826.0,4264,0
765045683259,//sf-item.taobao.com/sf_item/765045683259.htm?track_id=e8e596ca-7c03-4b75-bf32-d04eb4c3e357,北京市朝阳区青年路西里5号院3号楼8层3单元902号,//img.alicdn.com/bao/uploaded/i1/2232785245/O1CN01RXpHpb1ocGHnGjQd7_!!2232785245-0-paimai_gov.jpg,13850000.0,19785300.0,5124,0
765113296096,//sf-item.taobao.com/sf_item/765113296096.htm?track_id=e8e596ca-7c03-4b75-bf32-d04eb4c3e357,北京市通州区葛布店东里47号楼6层C2-2-6的不动产,//img.alicdn.com/bao/uploaded/i4/2240421956/O1CN01YKD1TQ1QJtcvUq5pO_!!2240421956-2-paimai_gov.png,2362845.0,3375492.0,3935,0
766644161089,//sf-item.taobao.com/sf_item/766644161089.htm?track_id=e8e596ca-7c03-4b75-bf32-d04eb4c3e357,北京市朝阳区域清街2号院4号楼12层5单元1202房屋,//img.alicdn.com/bao/uploaded/i3/2235258307/O1CN01evUZxi2BEf2i8rJ3q_!!2235258307-0-paimai_gov.jpg,7512341.0,0.0,1716,0
766740563330,//sf-item.taobao.com/sf_item/766740563330.htm?track_id=e8e596ca-7c03-4b75-bf32-d04eb4c3e357,北京市朝阳区朝阳公园西路9号1幢1-2层1717号,//img.alicdn.com/bao/uploaded/i2/2143207404/O1CN01qWWEIH24Z5OW9sEFg_!!2143207404-0-paimai_gov.jpg,11353552.0,16219360.0,3335,0
766849213638,//sf-item.taobao.com/sf_item/766849213638.htm?track_id=e8e596ca-7c03-4b75-bf32-d04eb4c3e357,北京市顺义区军营南街12号院3号楼7层718房产,//img.alicdn.com/bao/uploaded/i1/3391748657/O1CN01bvh1rf2DoxfI1SBn6_!!3391748657-0-paimai_gov.jpg,1280055.2,1600069.0,3552,0
765713446926,//sf-item.taobao.com/sf_item/765713446926.htm?track_id=e8e596ca-7c03-4b75-bf32-d04eb4c3e357,北京市门头沟区滨河路23号西山御园16号楼1301号,//img.alicdn.com/bao/uploaded/i4/3017619903/O1CN01IRXShI2N1dA266zLP_!!3017619903-0-paimai_gov.jpg,8411688.0,11682900.0,3002,0
763573003895,//sf-item.taobao.com/sf_item/763573003895.htm?track_id=e8e596ca-7c03-4b75-bf32-d04eb4c3e357,北京市大兴区三羊南街远洋天著&middot;悦山10号院2号楼6层1单元601号房产,//img.alicdn.com/bao/uploaded/i1/3075610980/O1CN01029lHb1J6t3rcyX4Y_!!3075610980-0-paimai_gov.jpg,8200000.0,10240097.0,3940,0
766721533074,//sf-item.taobao.com/sf_item/766721533074.htm?track_id=e8e596ca-7c03-4b75-bf32-d04eb4c3e357,北京市通州区新华西街60号院1号楼3层120-4号,//img.alicdn.com/bao/uploaded/i4/2143207404/O1CN01Xj0ca624Z5OWtaNmT_!!2143207404-0-paimai_gov.jpg,16724659.7,23892371.0,4303,0
762531691060,//sf-item.taobao.com/sf_item/762531691060.htm?track_id=e8e596ca-7c03-4b75-bf32-d04eb4c3e357,北京市经济技术开发区凉水河一街74号楼-1层至3层乙房产,//img.alicdn.com/bao/uploaded/i1/3220953648/O1CN01I1MXyT1coplVk7IAN_!!3220953648-0-paimai_gov.jpg,18542863.0,33112253.0,10002,0
766054808290,//sf-item.taobao.com/sf_item/766054808290.htm?track_id=e8e596ca-7c03-4b75-bf32-d04eb4c3e357,北京市昌平区北七家镇温泉花园27号楼6层4单元601号房屋,//img.alicdn.com/bao/uploaded/i4/2231208898/O1CN01hZ7oNE2FbL7Fgnz0a_!!2231208898-0-paimai_gov.jpg,2720000.0,4841388.0,9642,0
766658370775,//sf-item.taobao.com/sf_item/766658370775.htm?track_id=e8e596ca-7c03-4b75-bf32-d04eb4c3e357,北京市西城区报国寺东夹道乙3号楼6层三单元601房屋,//img.alicdn.com/bao/uploaded/i3/2235258307/O1CN01qubuwM2BEf2hk2upn_!!2235258307-0-paimai_gov.jpg,4970000.0,0.0,4666,0
766565820746,//sf-item.taobao.com/sf_item/766565820746.htm?track_id=e8e596ca-7c03-4b75-bf32-d04eb4c3e357,北京市门头沟区月季园38号楼1层2单元102号,//img.alicdn.com/bao/uploaded/i4/2046195679/O1CN01Ui5UAm1rp2BL0vynP_!!2046195679-0-paimai_gov.jpg,2280000.0,3247086.0,2387,0
766828525011,//sf-item.taobao.com/sf_item/766828525011.htm?track_id=e8e596ca-7c03-4b75-bf32-d04eb4c3e357,北京市朝阳区周庄山水文园206号楼4-5层2单元402室房产,//img.alicdn.com/bao/uploaded/i3/1666399500/O1CN01ZJof0v2K33YFd3ITB_!!1666399500-0-paimai_gov.jpg,27000000.0,33324900.0,2086,0
768670386051,//sf-item.taobao.com/sf_item/768670386051.htm?track_id=e8e596ca-7c03-4b75-bf32-d04eb4c3e357,北京市海淀区苏州街3号3层的303号和304号房产,//img.alicdn.com/bao/uploaded/i4/3277097054/O1CN01yPpXGy21ymm0t5Yrl_!!3277097054-0-paimai_gov.jpg,27016275.0,42212929.0,622,0
765046966113,//sf-item.taobao.com/sf_item/765046966113.htm?track_id=e8e596ca-7c03-4b75-bf32-d04eb4c3e357,北京市西城区（原宣武区）红居斜街7号楼③-6-602,//img.alicdn.com/bao/uploaded/i4/2235258307/O1CN01JTAF5I2BEf2Y3xmgR_!!2235258307-0-paimai_gov.jpg,4494000.0,0.0,8115,0
756685361659,//sf-item.taobao.com/sf_item/756685361659.htm?track_id=e8e596ca-7c03-4b75-bf32-d04eb4c3e357,北京市顺义区温榆庄园三区1-80号楼31号楼-1至3层31号楼房屋,//img.alicdn.com/bao/uploaded/i3/2636516939/O1CN01v7JTVD2187D6wQy48_!!2636516939-0-paimai_gov.jpg,60000000.0,80542826.33,7224,0
763429120096,//sf-item.taobao.com/sf_item/763429120096.htm?track_id=e8e596ca-7c03-4b75-bf32-d04eb4c3e357,北京市朝阳区弘燕山水文园20号楼6层604,//img.alicdn.com/bao/uploaded/i2/2143207404/O1CN01rZ4oHf24Z5OFjAQhe_!!2143207404-0-paimai_gov.jpg,12387704.0,22120900.0,5151,0
764798607768,//sf-item.taobao.com/sf_item/764798607768.htm?track_id=e8e596ca-7c03-4b75-bf32-d04eb4c3e357,北京市昌平区北七家镇名佳花园三区41号楼6层2单元262（109.43㎡）,//img.alicdn.com/bao/uploaded/i3/2260867569/O1CN01nPCEXr25mejyAgUm5_!!2260867569-0-paimai_gov.jpg,3100000.0,4418856.33,3424,0
764661376334,//sf-item.taobao.com/sf_item/764661376334.htm?track_id=e8e596ca-7c03-4b75-bf32-d04eb4c3e357,北京市昌平区蓝郡嘉苑10号楼1层2单元101室,//img.alicdn.com/bao/uploaded/i2/2231208898/O1CN01QaK51l2FbL7BgN6w8_!!2231208898-0-paimai_gov.jpg,2840000.0,4045709.0,4070,2
761840053673,//sf-item.taobao.com/sf_item/761840053673.htm?track_id=e8e596ca-7c03-4b75-bf32-d04eb4c3e357,北京市朝阳区朝阳新嘉园西里一区4号楼4层2单元403室，建筑面积78.38平方米,//img.alicdn.com/bao/uploaded/i2/2606006515/O1CN01WsDthj1xzvHiuZ4i6_!!2606006515-0-paimai_gov.jpg,2934547.2,4075760.0,8222,0
765952637984,//sf-item.taobao.com/sf_item/765952637984.htm?track_id=e8e596ca-7c03-4b75-bf32-d04eb4c3e357,房山区长阳镇碧桂园21号楼3层3-301,//img.alicdn.com/bao/uploaded/i2/2046195679/O1CN013igWx11rp2BDgi0kZ_!!2046195679-0-paimai_gov.jpg,1550000.0,2211566.66,5120,0
763538265084,//sf-item.taobao.com/sf_item/763538265084.htm?track_id=e8e596ca-7c03-4b75-bf32-d04eb4c3e357,北京市朝阳区弘燕山水文园20号楼15层1503,//img.alicdn.com/bao/uploaded/i3/2143207404/O1CN01L3JOAD24Z5OHWixcm_!!2143207404-0-paimai_gov.jpg,13475336.0,24063100.0,5348,0
764558397046,//sf-item.taobao.com/sf_item/764558397046.htm?track_id=e8e596ca-7c03-4b75-bf32-d04eb4c3e357,北京市昌平区北七家镇八仙别墅仙霞东里0206号楼3层06号房屋,//img.alicdn.com/bao/uploaded/i4/2231208898/O1CN01q3sXtI2FbL76iJ0Vj_!!2231208898-0-paimai_gov.jpg,5250000.0,7495107.0,3642,0
765680063934,//sf-item.taobao.com/sf_item/765680063934.htm?track_id=e8e596ca-7c03-4b75-bf32-d04eb4c3e357,北京市朝阳区富东嘉园7号楼9层903号房产,//img.alicdn.com/bao/uploaded/i1/2214307874183/O1CN01QiwnwP1glrfJNbswk_!!2214307874183-0-paimai_gov.jpg,4400000.0,5500000.0,3969,0
761387418683,//sf-item.taobao.com/sf_item/761387418683.htm?track_id=e8e596ca-7c03-4b75-bf32-d04eb4c3e357,北京市延庆区湖南小区3号楼4层308,//img.alicdn.com/bao/uploaded/i1/2260867569/O1CN01tys52Q25mejp3a7V8_!!2260867569-0-paimai_gov.jpg,1232000.0,2195293.33,2897,0
766519339921,//sf-item.taobao.com/sf_item/766519339921.htm?track_id=e8e596ca-7c03-4b75-bf32-d04eb4c3e357,北京市东城区李村1号楼2门102号房地产,//img.alicdn.com/bao/uploaded/i2/2231199209/O1CN01l19f2v2HtmIHA7G7f_!!2231199209-2-paimai_gov.png,2354480.0,2943100.0,3846,0
762805784434,//sf-item.taobao.com/sf_item/762805784434.htm?track_id=e8e596ca-7c03-4b75-bf32-d04eb4c3e357,北京市昌平区东小口镇天通苑五区4号楼9层2单元901号房屋,//img.alicdn.com/bao/uploaded/i2/2231208898/O1CN01HEo2sl2FbL72MkLrJ_!!2231208898-0-paimai_gov.jpg,4810000.0,6862730.0,2478,0
766851641182,//sf-item.taobao.com/sf_item/766851641182.htm?track_id=e8e596ca-7c03-4b75-bf32-d04eb4c3e357,密云区檀城西区14号楼6层3单元602,//img.alicdn.com/bao/uploaded/i3/2235128287/O1CN01eVNwzq2B5V7ZvXLoZ_!!2235128287-0-paimai_gov.jpg,2740000.0,0.0,1849,0
763535397261,//sf-item.taobao.com/sf_item/763535397261.htm?track_id=e8e596ca-7c03-4b75-bf32-d04eb4c3e357,北京市朝阳区弘燕山水文园20号楼4层404,//img.alicdn.com/bao/uploaded/i3/2143207404/O1CN01M8LytF24Z5OEuRm2g_!!2143207404-0-paimai_gov.jpg,12387704.0,22120900.0,1142,0
764344597908,//sf-item.taobao.com/sf_item/764344597908.htm?track_id=e8e596ca-7c03-4b75-bf32-d04eb4c3e357,北京市房山区阎村镇大董村02-0026地块S-6#住宅楼8层7单元802（现坐落于北京市房山区阎顺路19号院10号楼8层7单元802）,//img.alicdn.com/bao/uploaded/i1/2260867569/O1CN01RDfnbM25mek7fx0Tq_!!2260867569-0-paimai_gov.jpg,1610000.0,2295366.0,4917,0
757194408393,//sf-item.taobao.com/sf_item/757194408393.htm?track_id=e8e596ca-7c03-4b75-bf32-d04eb4c3e357,北京市朝阳区朝阳公园西路5号6层6N号不动产,//img.alicdn.com/bao/uploaded/i3/1984219521/O1CN015CLany2KCfquKFs8n_!!1984219521-0-paimai_gov.jpg,12771317.0,15964146.0,7439,0
763533185749,//sf-item.taobao.com/sf_item/763533185749.htm?track_id=e8e596ca-7c03-4b75-bf32-d04eb4c3e357,北京市朝阳区弘燕山水文园20号楼11层1103,//img.alicdn.com/bao/uploaded/i3/2143207404/O1CN019v7QSb24Z5OD1lZJ5_!!2143207404-0-paimai_gov.jpg,12871040.0,22984000.0,1492,0
765867140797,//sf-item.taobao.com/sf_item/765867140797.htm?track_id=e8e596ca-7c03-4b75-bf32-d04eb4c3e357,北京市门头沟区增产路16号院3号楼3层302（190.9㎡）,//img.alicdn.com/bao/uploaded/i1/2260867569/O1CN01YKUMVe25mekCv7tMA_!!2260867569-0-paimai_gov.jpg,7385900.0,10551234.0,2920,0
763534077108,//sf-item.taobao.com/sf_item/763534077108.htm?track_id=e8e596ca-7c03-4b75-bf32-d04eb4c3e357,北京市朝阳区弘燕山水文园20号楼8层804,//img.alicdn.com/bao/uploaded/i2/2143207404/O1CN01SyxyXN24Z5OFmlqmB_!!2143207404-0-paimai_gov.jpg,12871040.0,22984000.0,1212,0
758065320313,//sf-item.taobao.com/sf_item/758065320313.htm?track_id=e8e596ca-7c03-4b75-bf32-d04eb4c3e357,北京市昌平区鲁疃嘉园13号楼11层1单元1102号房屋,//img.alicdn.com/bao/uploaded/i1/2231208898/O1CN010i7UOb2FbL6WkZFLv_!!2231208898-0-paimai_gov.jpg,3070000.0,4375193.0,5770,0
764279648346,//sf-item.taobao.com/sf_item/764279648346.htm?track_id=e8e596ca-7c03-4b75-bf32-d04eb4c3e357,北京市昌平区陈家营西路1号院2号楼11层2单元1102号房屋,//img.alicdn.com/bao/uploaded/i3/2231208898/O1CN01A6dkA22FbL6xjXdpq_!!2231208898-0-paimai_gov.jpg,2780000.0,3962711.0,3591,1
768010348155,//sf-item.taobao.com/sf_item/768010348155.htm?track_id=e8e596ca-7c03-4b75-bf32-d04eb4c3e357,位于北京市门头沟区龙泉花园1号楼5层4-503室房产一处,//img.alicdn.com/bao/uploaded/i4/2754097554/O1CN01RHug8B25fmnzzL7wp_!!2754097554-0-paimai_gov.jpg,2940699.0,4667775.0,1131,0
761983852097,//sf-item.taobao.com/sf_item/761983852097.htm?track_id=e8e596ca-7c03-4b75-bf32-d04eb4c3e357,北京市昌平区昌平镇北环里53号楼4层1单元402号房屋,//img.alicdn.com/bao/uploaded/i4/2231208898/O1CN01CN1nSi2FbL6yEf90g_!!2231208898-0-paimai_gov.jpg,2650000.0,3782362.0,5014,0
759146275214,//sf-item.taobao.com/sf_item/759146275214.htm?track_id=e8e596ca-7c03-4b75-bf32-d04eb4c3e357,北京市昌平区龙水路22号院7号楼8层1单元801室,//img.alicdn.com/bao/uploaded/i1/2231208898/O1CN01kUHSV62FbL6beQMQf_!!2231208898-0-paimai_gov.jpg,5150000.0,7353518.0,7287,1
768437216218,//sf-item.taobao.com/sf_item/768437216218.htm?track_id=e8e596ca-7c03-4b75-bf32-d04eb4c3e357,北京市通州区宋庄南三街200号院13号楼6层3单元602房屋50%的份额,//img.alicdn.com/bao/uploaded/i4/2240421956/O1CN01lVd5Dm1QJtdAcI47P_!!2240421956-0-paimai_gov.jpg,835562.0,1305566.0,1407,0
765158241703,//sf-item.taobao.com/sf_item/765158241703.htm?track_id=e8e596ca-7c03-4b75-bf32-d04eb4c3e357,北京市昌平区昌平镇商业街满井胡同128号楼2层1单元203室,//img.alicdn.com/bao/uploaded/i3/2231208898/O1CN01MEIbYm2FbL7DVCRHm_!!2231208898-0-paimai_gov.jpg,2100000.0,2989541.0,2358,0
757671607624,//sf-item.taobao.com/sf_item/757671607624.htm?track_id=e8e596ca-7c03-4b75-bf32-d04eb4c3e357,北京市朝阳区东三环中路39号院16号楼1层1608号房产,//img.alicdn.com/bao/uploaded/i4/3144418528/O1CN01QUAxhd2CrsYkCFkjG_!!3144418528-0-paimai_gov.jpg,5878800.0,7348500.0,11542,0
763149322750,//sf-item.taobao.com/sf_item/763149322750.htm?track_id=e8e596ca-7c03-4b75-bf32-d04eb4c3e357,北京市昌平区沙顺路81号4号楼3层3单元303室,//img.alicdn.com/bao/uploaded/i4/2231208898/O1CN01kqrvWg2FbL71IHh3R_!!2231208898-0-paimai_gov.jpg,2000000.0,2855286.0,4622,0
763587743369,//sf-item.taobao.com/sf_item/763587743369.htm?track_id=e8e596ca-7c03-4b75-bf32-d04eb4c3e357,北京市朝阳区弘燕山水文园20号楼14层1403号,//img.alicdn.com/bao/uploaded/i1/2143207404/O1CN01lMK6qB24Z5OHXVlaN_!!2143207404-0-paimai_gov.jpg,15529808.0,27731800.0,1496,0
765767648330,//sf-item.taobao.com/sf_item/765767648330.htm?track_id=e8e596ca-7c03-4b75-bf32-d04eb4c3e357,位于北京市朝阳区清林路1号院1号楼8层5单元0901号房产,//img.alicdn.com/bao/uploaded/i3/3254036544/O1CN01Ep06iG1yDCmDYlnNh_!!3254036544-0-paimai_gov.jpg,12795356.0,15053360.0,2585,0
765721265491,//sf-item.taobao.com/sf_item/765721265491.htm?track_id=e8e596ca-7c03-4b75-bf32-d04eb4c3e357,北京市丰台区芳菲路88号院7号楼1层2单元102号住宅,//img.alicdn.com/bao/uploaded/i1/2076187981/O1CN013KD5zp28pLvI2wSY1_!!2076187981-0-paimai_gov.jpg,6520560.0,8150700.0,3163,0
763429196327,//sf-item.taobao.com/sf_item/763429196327.htm?track_id=e8e596ca-7c03-4b75-bf32-d04eb4c3e357,北京市朝阳区弘燕山水文园20号楼13层1303,//img.alicdn.com/bao/uploaded/i1/2143207404/O1CN01t35QtW24Z5OKDkehb_!!2143207404-0-paimai_gov.jpg,15892408.0,28379300.0,991,0
764684672487,//sf-item.taobao.com/sf_item/764684672487.htm?track_id=e8e596ca-7c03-4b75-bf32-d04eb4c3e357,延庆区燕水佳园18号楼3层四单元405,//img.alicdn.com/bao/uploaded/i1/2046195679/O1CN01Ag1tO71rp2B70jbUb_!!2046195679-0-paimai_gov.jpg,1280000.0,1994096.0,1859,0
763555658396,//sf-item.taobao.com/sf_item/763555658396.htm?track_id=e8e596ca-7c03-4b75-bf32-d04eb4c3e357,北京市朝阳区弘燕山水文园20号楼3层302不动产,//img.alicdn.com/bao/uploaded/i2/2143207404/O1CN01AYQWyL24Z5OFmkqHm_!!2143207404-0-paimai_gov.jpg,13040608.0,23286800.0,1871,0
763431004474,//sf-item.taobao.com/sf_item/763431004474.htm?track_id=e8e596ca-7c03-4b75-bf32-d04eb4c3e357,北京市朝阳区弘燕山水文园20号楼10层1003,//img.alicdn.com/bao/uploaded/i3/2143207404/O1CN01QsAKdM24Z5OHFuII0_!!2143207404-0-paimai_gov.jpg,12895232.0,23027200.0,1209,0
763535225095,//sf-item.taobao.com/sf_item/763535225095.htm?track_id=e8e596ca-7c03-4b75-bf32-d04eb4c3e357,北京市朝阳区弘燕山水文园20号楼3层304,//img.alicdn.com/bao/uploaded/i3/2143207404/O1CN01rSdJWu24Z5OEx8412_!!2143207404-0-paimai_gov.jpg,12387704.0,22120900.0,1178,0
764825577363,//sf-item.taobao.com/sf_item/764825577363.htm?track_id=e8e596ca-7c03-4b75-bf32-d04eb4c3e357,北京市怀柔区永泰街2号院2号楼9层5单元901的房屋的50%份额,//img.alicdn.com/bao/uploaded/i3/2240411921/O1CN01ETO1RY1Q3rlPd1RZX_!!2240411921-0-paimai_gov.jpg,795030.6,1135758.0,5301,0
763533869477,//sf-item.taobao.com/sf_item/763533869477.htm?track_id=e8e596ca-7c03-4b75-bf32-d04eb4c3e357,北京市朝阳区弘燕山水文园20号楼7层704,//img.alicdn.com/bao/uploaded/i4/2143207404/O1CN01JNW1dk24Z5OHFZ0jj_!!2143207404-0-paimai_gov.jpg,12871040.0,22984000.0,1011,0
764964173346,//sf-item.taobao.com/sf_item/764964173346.htm?track_id=e8e596ca-7c03-4b75-bf32-d04eb4c3e357,北京市密云区科技路甲18号院1号楼5层6单元502号房屋,//img.alicdn.com/bao/uploaded/i4/2231139653/O1CN01LohOnR2LB893cpzsj_!!2231139653-0-paimai_gov.jpg,1240000.0,2209860.0,2425,0
766430776688,//sf-item.taobao.com/sf_item/766430776688.htm?track_id=e8e596ca-7c03-4b75-bf32-d04eb4c3e357,北京市房山区良乡昊天大街114号6号楼4层6-401 号,//img.alicdn.com/bao/uploaded/i3/3042469367/O1CN01dhtXr02J48sA6PYy7_!!3042469367-0-paimai_gov.jpg,1900000.0,1895392.33,1710,0
766506761262,//sf-item.taobao.com/sf_item/766506761262.htm?track_id=e8e596ca-7c03-4b75-bf32-d04eb4c3e357,北京市平谷区新开街丙9号楼2层(2)-2-3号,//img.alicdn.com/bao/uploaded/i1/2232715272/O1CN014XfIxi1oocywUpud8_!!2232715272-0-paimai_gov.jpg,1720000.0,2143703.0,1012,0
760023112001,//sf-item.taobao.com/sf_item/760023112001.htm?track_id=e8e596ca-7c03-4b75-bf32-d04eb4c3e357,北京市西城区广成街4号院3号楼1层办公室1、办公室2、办公室3、办公室4,//img.alicdn.com/bao/uploaded/i4/2548541351/O1CN01usfzuE1LqnzvP904u_!!2548541351-0-paimai_gov.jpg,14589000.0,16210900.0,3879,0
757468624562,//sf-item.taobao.com/sf_item/757468624562.htm?track_id=e8e596ca-7c03-4b75-bf32-d04eb4c3e357,房山区康泽路3号院3号楼9层901,//img.alicdn.com/bao/uploaded/i1/2046195679/O1CN01elRwlP1rp2AXfutDZ_!!2046195679-0-paimai_gov.jpg,3864000.0,6891165.0,6626,0
763348782437,//sf-item.taobao.com/sf_item/763348782437.htm?track_id=e8e596ca-7c03-4b75-bf32-d04eb4c3e357,北京市昌平区东小口镇天通苑小区301号楼2层522的房屋,//img.alicdn.com/bao/uploaded/i2/2232715272/O1CN01ZThhqO1oocyjjSwBm_!!2232715272-0-paimai_gov.jpg,4077964.8,7282080.0,3870,0
763437960330,//sf-item.taobao.com/sf_item/763437960330.htm?track_id=e8e596ca-7c03-4b75-bf32-d04eb4c3e357,北京市朝阳区弘燕山水文园31号楼-2至3层1不动产,//img.alicdn.com/bao/uploaded/i2/2143207404/O1CN0141jq2R24Z5OD4cKmm_!!2143207404-0-paimai_gov.jpg,28451528.0,50806300.0,1625,0
763541933909,//sf-item.taobao.com/sf_item/763541933909.htm?track_id=e8e596ca-7c03-4b75-bf32-d04eb4c3e357,北京市朝阳区弘燕山水文园20号楼16层1601不动产,//img.alicdn.com/bao/uploaded/i3/2143207404/O1CN01Zscn9024Z5OFmJ3EH_!!2143207404-0-paimai_gov.jpg,21234696.0,37919100.0,1572,0
766769155043,//sf-item.taobao.com/sf_item/766769155043.htm?track_id=e8e596ca-7c03-4b75-bf32-d04eb4c3e357,北京市朝阳区京通苑26号楼15层1706号房屋,//img.alicdn.com/bao/uploaded/i3/3204390735/O1CN01Iq8hHV1HIg25TWIdA_!!3204390735-2-paimai_gov.png,6034989.0,6034989.0,1656,0
763433820978,//sf-item.taobao.com/sf_item/763433820978.htm?track_id=e8e596ca-7c03-4b75-bf32-d04eb4c3e357,北京市朝阳区弘燕山水文园31号楼-2至3层2不动产,//img.alicdn.com/bao/uploaded/i2/2143207404/O1CN01EX61Va24Z5OEyAVj6_!!2143207404-0-paimai_gov.jpg,30457112.0,54387700.0,2642,0
768701013807,//sf-item.taobao.com/sf_item/768701013807.htm?track_id=e8e596ca-7c03-4b75-bf32-d04eb4c3e357,北京市东城区新中街68号7号楼7层7-7-E公寓（50%产权份额）,//img.alicdn.com/bao/uploaded/i2/2469066502/O1CN01U8b7Es1xty9AD5JJl_!!2469066502-0-paimai_gov.jpg,5153385.0,6736450.0,890,1
764538900859,//sf-item.taobao.com/sf_item/764538900859.htm?track_id=e8e596ca-7c03-4b75-bf32-d04eb4c3e357,北京市昌平区东小口镇天通苑小区东苑二区20号楼6至7层5单元1室,//img.alicdn.com/bao/uploaded/i3/2231208898/O1CN01bwDtk42FbL79Q5IuV_!!2231208898-0-paimai_gov.jpg,6350000.0,7938421.0,1653,0
763322765654,//sf-item.taobao.com/sf_item/763322765654.htm?track_id=e8e596ca-7c03-4b75-bf32-d04eb4c3e357,北京市平谷区平谷镇平翔路2号院3号楼4层（3）-4-7,//img.alicdn.com/bao/uploaded/i2/2232715272/O1CN01Ll0Tja1oocyd97Rap_!!2232715272-0-paimai_gov.jpg,2000000.0,2227596.0,1809,0
763431592414,//sf-item.taobao.com/sf_item/763431592414.htm?track_id=e8e596ca-7c03-4b75-bf32-d04eb4c3e357,北京市朝阳区弘燕山水文园18号楼11至12层1单元-1101,//img.alicdn.com/bao/uploaded/i1/2143207404/O1CN01wERIpp24Z5OHVnpXt_!!2143207404-0-paimai_gov.jpg,22538544.0,40247400.0,1087,0
763556214747,//sf-item.taobao.com/sf_item/763556214747.htm?track_id=e8e596ca-7c03-4b75-bf32-d04eb4c3e357,北京市朝阳区弘燕山水文园18号楼11至12层4单元-1101,//img.alicdn.com/bao/uploaded/i3/2143207404/O1CN01dRZ07724Z5OEwwNmE_!!2143207404-0-paimai_gov.jpg,21429744.0,38267400.0,911,0
763429156464,//sf-item.taobao.com/sf_item/763429156464.htm?track_id=e8e596ca-7c03-4b75-bf32-d04eb4c3e357,北京市朝阳区弘燕山水文园20号楼13层1301,//img.alicdn.com/bao/uploaded/i4/2143207404/O1CN01nDPujI24Z5OEqUk0y_!!2143207404-0-paimai_gov.jpg,20835976.0,37207100.0,813,0
763555006063,//sf-item.taobao.com/sf_item/763555006063.htm?track_id=e8e596ca-7c03-4b75-bf32-d04eb4c3e357,北京市朝阳区弘燕山水文园20号楼-1层-103及20号楼1至2层103,//img.alicdn.com/bao/uploaded/i4/2143207404/O1CN01nvuL1a24Z5OEwQthn_!!2143207404-0-paimai_gov.jpg,20230560.0,36126000.0,850,0
763436700176,//sf-item.taobao.com/sf_item/763436700176.htm?track_id=e8e596ca-7c03-4b75-bf32-d04eb4c3e357,北京市朝阳区弘燕山水文园20号楼14层1401号,//img.alicdn.com/bao/uploaded/i1/2143207404/O1CN01mWHMpd24Z5OHHiLAG_!!2143207404-0-paimai_gov.jpg,25421872.0,45396200.0,1128,0
763438176160,//sf-item.taobao.com/sf_item/763438176160.htm?track_id=e8e596ca-7c03-4b75-bf32-d04eb4c3e357,北京市朝阳区弘燕山水文园20号楼12层1201,//img.alicdn.com/bao/uploaded/i1/2143207404/O1CN01wnplOm24Z5OHID9WR_!!2143207404-0-paimai_gov.jpg,20636504.0,36850900.0,908,0
763580503602,//sf-item.taobao.com/sf_item/763580503602.htm?track_id=e8e596ca-7c03-4b75-bf32-d04eb4c3e357,北京市朝阳区弘燕山水文园18号楼-1层2单元--101及1至2层2单元-101,//img.alicdn.com/bao/uploaded/i4/2143207404/O1CN018501S024Z5OG4SwYg_!!2143207404-0-paimai_gov.jpg,20475504.0,36563400.0,1038,0
757372453227,//sf-item.taobao.com/sf_item/757372453227.htm?track_id=e8e596ca-7c03-4b75-bf32-d04eb4c3e357,坐落于北京市朝阳区八里庄北里129号院4号楼12层2单元1202号房产,//img.alicdn.com/bao/uploaded/i1/3177651611/O1CN01nDWG301NlsyKlc7T8_!!3177651611-0-paimai_gov.jpg,28000000.0,29269386.0,12452,0
766780888522,//sf-item.taobao.com/sf_item/766780888522.htm?track_id=e8e596ca-7c03-4b75-bf32-d04eb4c3e357,北京市通州区兴贸三街18号院9号楼3层2单元310房屋,//img.alicdn.com/bao/uploaded/i2/2636635829/O1CN019XyBmT1svjak7WhuE_!!2636635829-0-paimai_gov.jpg,1733215.66,1733215.66,2852,0
766150874639,//sf-item.taobao.com/sf_item/766150874639.htm?track_id=e8e596ca-7c03-4b75-bf32-d04eb4c3e357,北京市丰台区鲁谷东街36号院11号楼301室3至4层住宅（含储藏室及地下车位三个）,//img.alicdn.com/bao/uploaded/i3/2689633792/O1CN01vsLyCb1dsmo020cp7_!!2689633792-0-paimai_gov.jpg,27192700.0,30214100.0,4530,0
762321387211,//sf-item.taobao.com/sf_item/762321387211.htm?track_id=e8e596ca-7c03-4b75-bf32-d04eb4c3e357,北京市延庆区妫水北街33号9层1128号房屋,//img.alicdn.com/bao/uploaded/i2/2231208898/O1CN01JzCoft2FbL6trso5M_!!2231208898-0-paimai_gov.jpg,680000.0,1201363.0,5575,0
763430700416,//sf-item.taobao.com/sf_item/763430700416.htm?track_id=e8e596ca-7c03-4b75-bf32-d04eb4c3e357,北京市朝阳区弘燕山水文园20号楼17层1701不动产,//img.alicdn.com/bao/uploaded/i2/2143207404/O1CN01C4IYZi24Z5OIPX6VS_!!2143207404-0-paimai_gov.jpg,45881192.0,81930700.0,1722,0
766148258761,//sf-item.taobao.com/sf_item/766148258761.htm?track_id=e8e596ca-7c03-4b75-bf32-d04eb4c3e357,北京市朝阳区霄云路8号院4号楼14层1单元1401号房产,//img.alicdn.com/bao/uploaded/i4/2660204702/O1CN01duE2Av1kbZE0czTrx_!!2660204702-0-paimai_gov.jpg,73000000.0,80882281.2,3500,0
760208851791,//sf-item.taobao.com/sf_item/760208851791.htm?track_id=e8e596ca-7c03-4b75-bf32-d04eb4c3e357,北京市西城区金融大街10号楼-4层-401车位,//img.alicdn.com/bao/uploaded/i4/2548541351/O1CN01Luyqko1LqnzvNujiz_!!2548541351-0-paimai_gov.jpg,228501000.0,253897600.0,6533,0
763428824711,//sf-item.taobao.com/sf_item/763428824711.htm?track_id=e8e596ca-7c03-4b75-bf32-d04eb4c3e357,北京市朝阳区弘燕山水文园20号楼-1层-102及20号楼1至2层102不动产,//img.alicdn.com/bao/uploaded/i4/2143207404/O1CN01e23TgY24Z5OBVmMb6_!!2143207404-0-paimai_gov.jpg,43564472.0,77793700.0,1136,0
763428992949,//sf-item.taobao.com/sf_item/763428992949.htm?track_id=e8e596ca-7c03-4b75-bf32-d04eb4c3e357,北京市朝阳区弘燕山水文园20号楼-1层-104及20号楼1至2层104不动产,//img.alicdn.com/bao/uploaded/i3/2143207404/O1CN0133Kcyj24Z5OHFKubP_!!2143207404-0-paimai_gov.jpg,22690024.0,40517900.0,929,0
766611509477,//sf-item.taobao.com/sf_item/766611509477.htm?track_id=e8e596ca-7c03-4b75-bf32-d04eb4c3e357,北京市房山区琉璃河地区古桥镜水家园1号楼6层3-602（86.4㎡）,//img.alicdn.com/bao/uploaded/i2/2260867569/O1CN01vnWQy525mekIZt9fc_!!2260867569-0-paimai_gov.jpg,770000.0,1359677.0,3830,0
763429332156,//sf-item.taobao.com/sf_item/763429332156.htm?track_id=e8e596ca-7c03-4b75-bf32-d04eb4c3e357,北京市朝阳区弘燕山水文园20号楼-1层-101及20号楼1至2层101不动产,//img.alicdn.com/bao/uploaded/i2/2143207404/O1CN019P1qSQ24Z5OCZaBt9_!!2143207404-0-paimai_gov.jpg,22949640.0,40981500.0,892,0
763437572652,//sf-item.taobao.com/sf_item/763437572652.htm?track_id=e8e596ca-7c03-4b75-bf32-d04eb4c3e357,北京市朝阳区弘燕山水文园20号楼18至19层1801不动产,//img.alicdn.com/bao/uploaded/i3/2143207404/O1CN01BgeJCL24Z5OIqQ7gM_!!2143207404-0-paimai_gov.jpg,80156328.0,143136300.0,1904,0
764440837607,//sf-item.taobao.com/sf_item/764440837607.htm?track_id=e8e596ca-7c03-4b75-bf32-d04eb4c3e357,北京市西城区西绒线胡同26号院1号楼15至16层1805号的房产；北京市西城区西绒线胡同26号院4幢-2层2042、2043的车位,//img.alicdn.com/bao/uploaded/i4/2036664231/O1CN016IVk8Y1h7qftP9Cee_!!2036664231-0-paimai_gov.jpg,108000000.0,120000000.0,13569,0
765112316678,//sf-item.taobao.com/sf_item/765112316678.htm?track_id=e8e596ca-7c03-4b75-bf32-d04eb4c3e357,北京市平谷区平谷镇新平北路27号楼3层(2)-3-6,//img.alicdn.com/bao/uploaded/i1/2232715272/O1CN01yI11WG1oocypE45PC_!!2232715272-0-paimai_gov.jpg,1885800.0,2095323.0,1926,0
757585377621,//sf-item.taobao.com/sf_item/757585377621.htm?track_id=e8e596ca-7c03-4b75-bf32-d04eb4c3e357,北京市丰台区丽泽雅园3号楼21层2303号房屋,//img.alicdn.com/bao/uploaded/i2/3228577140/O1CN01jfZ87v22cAoz1R4yX_!!3228577140-0-paimai_gov.jpg,5900000.0,0.0,10904,0
768964339265,//sf-item.taobao.com/sf_item/768964339265.htm?track_id=e8e596ca-7c03-4b75-bf32-d04eb4c3e357,北京市朝阳区甘露园2号楼7层2-806号的房屋,//img.alicdn.com/bao/uploaded/i4/2240411921/O1CN017DCbib1Q3rlnwckEp_!!2240411921-0-paimai_gov.jpg,3889276.16,6945136.0,1640,0
768503870968,//sf-item.taobao.com/sf_item/768503870968.htm?track_id=e8e596ca-7c03-4b75-bf32-d04eb4c3e357,北京市大兴区黄村镇枣园小区40号楼3层6-302房屋,//img.alicdn.com/bao/uploaded/i1/2235258307/O1CN01sHJpvo2BEf2nCqUdv_!!2235258307-0-paimai_gov.jpg,1667173.0,0.0,3295,0
768622792194,//sf-item.taobao.com/sf_item/768622792194.htm?track_id=e8e596ca-7c03-4b75-bf32-d04eb4c3e357,北京市朝阳区高碑店路181号院155号楼102 的不动产,//img.alicdn.com/bao/uploaded/i4/2040098540/O1CN01nYExm92CxNKNTMHiM_!!2040098540-0-paimai_gov.jpg,9122190.0,16289625.0,3316,0
769138609514,//sf-item.taobao.com/sf_item/769138609514.htm?track_id=e8e596ca-7c03-4b75-bf32-d04eb4c3e357,北京市丰台区建欣苑三里15号楼6层5单元601号,//img.alicdn.com/bao/uploaded/i1/2046195679/O1CN012cfHl01rp2BWBXK40_!!2046195679-0-paimai_gov.jpg,2168000.0,3862418.33,579,0
766534627460,//sf-item.taobao.com/sf_item/766534627460.htm?track_id=e8e596ca-7c03-4b75-bf32-d04eb4c3e357,北京市海淀区静淑东里5号楼4层402（90.4㎡）,//img.alicdn.com/bao/uploaded/i1/2260867569/O1CN01BnwlT225mekKOZAqB_!!2260867569-0-paimai_gov.jpg,4941400.0,7059125.33,9443,0
768934335098,//sf-item.taobao.com/sf_item/768934335098.htm?track_id=e8e596ca-7c03-4b75-bf32-d04eb4c3e357,北京市石景山区燕堤南路1号院6号楼11层2单元1102号房屋,//img.alicdn.com/bao/uploaded/i1/2240282320/O1CN01skwIN41T0bneDhPd8_!!2240282320-0-paimai_gov.jpg,1143920.0,2042649.0,1713,0
768852389409,//sf-item.taobao.com/sf_item/768852389409.htm?track_id=e8e596ca-7c03-4b75-bf32-d04eb4c3e357,北京市海淀区万寿路甲15号院五区7号楼9层906号房屋,//img.alicdn.com/bao/uploaded/i1/2234908182/O1CN01S1iWtG2AJPXLx6Jw0_!!2234908182-0-paimai_gov.jpg,7350000.0,10466680.0,1222,0
768065101959,//sf-item.taobao.com/sf_item/768065101959.htm?track_id=e8e596ca-7c03-4b75-bf32-d04eb4c3e357,北京市朝阳区南磨房路39号院1号楼12-13层5单元1201,//img.alicdn.com/bao/uploaded/i3/3192640559/O1CN016TqeKD1G04K8FpDju_!!3192640559-0-paimai_gov.jpg,9927424.0,15511600.0,1789,0
766633551047,//sf-item.taobao.com/sf_item/766633551047.htm?track_id=e8e596ca-7c03-4b75-bf32-d04eb4c3e357,北京市通州区紫运西里14号楼4层342（137.73㎡）,//img.alicdn.com/bao/uploaded/i2/2260867569/O1CN01v7TvDb25mekIoZVDN_!!2260867569-2-paimai_gov.png,4586000.0,6551311.33,2667,0
768866653534,//sf-item.taobao.com/sf_item/768866653534.htm?track_id=e8e596ca-7c03-4b75-bf32-d04eb4c3e357,北京市海淀区西三旗花园三里29号楼1至3层-2（208.87㎡）,//img.alicdn.com/bao/uploaded/i3/2260867569/O1CN01DMulYN25mekUq4iH1_!!2260867569-0-paimai_gov.jpg,12323313.6,22005916.66,1343,0
768659313497,//sf-item.taobao.com/sf_item/768659313497.htm?track_id=e8e596ca-7c03-4b75-bf32-d04eb4c3e357,北京市怀柔区庙城镇庙城村422号文汇坊08号楼1至3层:275.83(㎡),//img.alicdn.com/bao/uploaded/i3/2240322043/O1CN01f8i7TN1Qxk5XBc9gV_!!2240322043-0-paimai_gov.jpg,4710000.0,8387071.0,944,0
766512353052,//sf-item.taobao.com/sf_item/766512353052.htm?track_id=e8e596ca-7c03-4b75-bf32-d04eb4c3e357,北京市朝阳区静安东里16号楼4层408（65.54㎡）,//img.alicdn.com/bao/uploaded/i2/2260867569/O1CN01oTMc9b25mekDxZSPj_!!2260867569-0-paimai_gov.jpg,3249432.0,4642045.33,4923,0
768045390297,//sf-item.taobao.com/sf_item/768045390297.htm?track_id=e8e596ca-7c03-4b75-bf32-d04eb4c3e357,北京市朝阳区双花园南里二区6号楼8层4单元801号房屋的1%份额,//img.alicdn.com/bao/uploaded/i4/2231208898/O1CN01EYkY9W2FbL7PB4p3R_!!2231208898-0-paimai_gov.jpg,80000.0,110810.0,7535,0
766645905610,//sf-item.taobao.com/sf_item/766645905610.htm?track_id=e8e596ca-7c03-4b75-bf32-d04eb4c3e357,北京市顺义区馨港庄园二区18号楼2层6-202室不动产,//img.alicdn.com/bao/uploaded/i2/1643011866/O1CN01UnOLO11PefyxQkhsN_!!1643011866-0-paimai_gov.jpg,1680000.0,2400000.0,2339,0
768861398620,//sf-item.taobao.com/sf_item/768861398620.htm?track_id=e8e596ca-7c03-4b75-bf32-d04eb4c3e357,北京市丰台区万泉寺南里11号楼2层1-201,//img.alicdn.com/bao/uploaded/i1/2046195679/O1CN015WI0FI1rp2BSAz54M_!!2046195679-0-paimai_gov.jpg,2650000.0,3774878.33,689,0
768994360257,//sf-item.taobao.com/sf_item/768994360257.htm?track_id=e8e596ca-7c03-4b75-bf32-d04eb4c3e357,北京市丰台区光彩路65号院2号楼6层01单元0605,//img.alicdn.com/bao/uploaded/i4/2046195679/O1CN01DbCacl1rp2BUFHqHu_!!2046195679-0-paimai_gov.jpg,2390000.0,3411762.66,481,0
769073729182,//sf-item.taobao.com/sf_item/769073729182.htm?track_id=e8e596ca-7c03-4b75-bf32-d04eb4c3e357,北京市西城区福长街68号院2号楼6至7层5单元601室,//img.alicdn.com/bao/uploaded/i1/3162329714/O1CN01KpquZ52Ld4JHN5bdT_!!3162329714-0-paimai_gov.jpg,24480000.0,34958400.0,570,0
766681680588,//sf-item.taobao.com/sf_item/766681680588.htm?track_id=e8e596ca-7c03-4b75-bf32-d04eb4c3e357,北京市丰台区西红门南一街206号院13号楼8层2单元802,//img.alicdn.com/bao/uploaded/i3/2240421944/O1CN01lrEqC41QEOsKd6fGR_!!2240421944-0-paimai_gov.jpg,4886000.0,6980000.0,3467,0
766837177843,//sf-item.taobao.com/sf_item/766837177843.htm?track_id=e8e596ca-7c03-4b75-bf32-d04eb4c3e357,北京市丰台区万源东里87号楼5层4单元10,//img.alicdn.com/bao/uploaded/i1/2046195679/O1CN01H2nY9C1rp2BMX3EU2_!!2046195679-0-paimai_gov.jpg,2840000.0,4050143.0,3664,0
768658571042,//sf-item.taobao.com/sf_item/768658571042.htm?track_id=e8e596ca-7c03-4b75-bf32-d04eb4c3e357,北京市朝阳区广渠路36号院32幢-1层1262车位,//img.alicdn.com/bao/uploaded/i3/2563567415/O1CN01hhiHrL24e7knVvUah_!!2563567415-0-paimai_gov.jpg,252000.0,360000.0,459,0
768163328800,//sf-item.taobao.com/sf_item/768163328800.htm?track_id=e8e596ca-7c03-4b75-bf32-d04eb4c3e357,北京市顺义区裕龙花园二区12号楼2层二单元201号:135.54(㎡),//img.alicdn.com/bao/uploaded/i2/2240322043/O1CN01LJAfmb1Qxk5Uk4IJf_!!2240322043-0-paimai_gov.jpg,3550000.0,5061786.33,1120,0
766948871267,//sf-item.taobao.com/sf_item/766948871267.htm?track_id=e8e596ca-7c03-4b75-bf32-d04eb4c3e357,北京市丰台区云岗南区东里21号院3号楼2门5层10号50%份额,//img.alicdn.com/bao/uploaded/i4/2046195679/O1CN01pkm9xM1rp2BLjYRnU_!!2046195679-0-paimai_gov.jpg,1090000.0,1544650.5,1777,0
769063384396,//sf-item.taobao.com/sf_item/769063384396.htm?track_id=e8e596ca-7c03-4b75-bf32-d04eb4c3e357,北京市大兴区康和园1号楼2层2-201号房屋,//img.alicdn.com/bao/uploaded/i1/2235258307/O1CN01lN508n2BEf2nna0ja_!!2235258307-0-paimai_gov.jpg,5542332.6,0.0,232,0
766681660607,//sf-item.taobao.com/sf_item/766681660607.htm?track_id=e8e596ca-7c03-4b75-bf32-d04eb4c3e357,北京市大兴区康庄路52号院7号楼8层1单元802,//img.alicdn.com/bao/uploaded/i2/2240421944/O1CN01V8H3Nd1QEOsKdBhEy_!!2240421944-0-paimai_gov.jpg,2905000.0,4150000.0,4600,0
768996964191,//sf-item.taobao.com/sf_item/768996964191.htm?track_id=e8e596ca-7c03-4b75-bf32-d04eb4c3e357,北京市丰台区海户西里9号楼5层501,//img.alicdn.com/bao/uploaded/i2/2046195679/O1CN01Ohr0Qv1rp2BUGJ0uc_!!2046195679-0-paimai_gov.jpg,3091887.0,4416981.0,501,1
768943271773,//sf-item.taobao.com/sf_item/768943271773.htm?track_id=e8e596ca-7c03-4b75-bf32-d04eb4c3e357,北京市通州区仪府路12号院3号楼9层2单元903,//img.alicdn.com/bao/uploaded/i4/2232785245/O1CN01UZBY131ocGHzov4FS_!!2232785245-0-paimai_gov.jpg,1533000.0,2190000.0,716,0
769041108070,//sf-item.taobao.com/sf_item/769041108070.htm?track_id=e8e596ca-7c03-4b75-bf32-d04eb4c3e357,北京市昌平区天通中苑65号楼3层5单元302号,//img.alicdn.com/bao/uploaded/i1/2231208898/O1CN01FelwjK2FbL7YWkM0L_!!2231208898-0-paimai_gov.jpg,3880000.0,5536745.0,351,0
768994272318,//sf-item.taobao.com/sf_item/768994272318.htm?track_id=e8e596ca-7c03-4b75-bf32-d04eb4c3e357,北京市丰台区西马厂南里一区12号楼3-1402的不动产,//img.alicdn.com/bao/uploaded/i4/2143207404/O1CN01vzE8D924Z5OnDDZjn_!!2143207404-0-paimai_gov.jpg,7054517.89,10077882.7,319,0
766611701999,//sf-item.taobao.com/sf_item/766611701999.htm?track_id=e8e596ca-7c03-4b75-bf32-d04eb4c3e357,北京市昌平区东小口镇天通西苑二区5号楼8层11单元802号,//img.alicdn.com/bao/uploaded/i2/2231208898/O1CN012cvbnx2FbL7JpnGeO_!!2231208898-0-paimai_gov.jpg,2510000.0,3576172.0,5756,0
766528552220,//sf-item.taobao.com/sf_item/766528552220.htm?track_id=e8e596ca-7c03-4b75-bf32-d04eb4c3e357,北京市昌平区北街家园四区36号楼-1至3层36-5号房屋,//img.alicdn.com/bao/uploaded/i2/2231208898/O1CN01SvH9k42FbL7LpBz5q_!!2231208898-0-paimai_gov.jpg,8370000.0,11944384.0,3074,0
768532299002,//sf-item.taobao.com/sf_item/768532299002.htm?track_id=e8e596ca-7c03-4b75-bf32-d04eb4c3e357,密云区北源里1号乙楼3层2单元301,//img.alicdn.com/bao/uploaded/i4/2235128287/O1CN01xwWzd72B5V7jBJSNt_!!2235128287-0-paimai_gov.jpg,1488354.4,0.0,656,0
765164377237,//sf-item.taobao.com/sf_item/765164377237.htm?track_id=e8e596ca-7c03-4b75-bf32-d04eb4c3e357,北京市西城区虎坊路19号院10号楼7层801（50%份额）,//img.alicdn.com/bao/uploaded/i1/2235258307/O1CN01mRPGy52BEf2bY8VNh_!!2235258307-0-paimai_gov.jpg,4741027.0,0.0,2018,0
766162858433,//sf-item.taobao.com/sf_item/766162858433.htm?track_id=e8e596ca-7c03-4b75-bf32-d04eb4c3e357,北京市昌平区北七家镇北亚花园5号楼G单元12A号房6层601号,//img.alicdn.com/bao/uploaded/i1/2231208898/O1CN01IeG7Jd2FbL7Du9Vu2_!!2231208898-0-paimai_gov.jpg,1810000.0,2834549.0,4284,0
766751952776,//sf-item.taobao.com/sf_item/766751952776.htm?track_id=e8e596ca-7c03-4b75-bf32-d04eb4c3e357,北京市昌平区沙阳路32号院2号楼18层1802,//img.alicdn.com/bao/uploaded/i4/2046195679/O1CN01EGr3px1rp2BEaajqu_!!2046195679-0-paimai_gov.jpg,1130000.0,1606089.0,6958,0
769045860564,//sf-item.taobao.com/sf_item/769045860564.htm?track_id=e8e596ca-7c03-4b75-bf32-d04eb4c3e357,北京市昌平区定泗路218号院5号楼5层4单元502室房屋的50%份额,//img.alicdn.com/bao/uploaded/i4/2231208898/O1CN01QT9uXG2FbL7YYomlq_!!2231208898-0-paimai_gov.jpg,1180000.0,1674492.0,444,0
769006560168,//sf-item.taobao.com/sf_item/769006560168.htm?track_id=e8e596ca-7c03-4b75-bf32-d04eb4c3e357,北京市昌平区西环里42号楼2层5单元203号40%的份额,//img.alicdn.com/bao/uploaded/i4/2231208898/O1CN01NTGsZj2FbL7VIUlty_!!2231208898-0-paimai_gov.jpg,850000.0,1203522.0,317,0
766951980819,//sf-item.taobao.com/sf_item/766951980819.htm?track_id=e8e596ca-7c03-4b75-bf32-d04eb4c3e357,位于北京市东城区工人体育场西路3号6层Ⅱ段620房产一处,//img.alicdn.com/bao/uploaded/i3/2040226271/O1CN01lQBoBE1wCAeT75gTl_!!2040226271-0-paimai_gov.jpg,4388400.0,5851200.0,8015,0
768507879109,//sf-item.taobao.com/sf_item/768507879109.htm?track_id=e8e596ca-7c03-4b75-bf32-d04eb4c3e357,北京市昌平区立汤路7号院1-21号-1至2层全部 房产,//img.alicdn.com/bao/uploaded/i1/2780002119/O1CN01n4bV331RWYBmVtZAv_!!2780002119-0-paimai_gov.jpg,12327247.2,0.0,1143,0
763398093699,//sf-item.taobao.com/sf_item/763398093699.htm?track_id=e8e596ca-7c03-4b75-bf32-d04eb4c3e357,北京市朝阳区单店西路1号院2号楼1001室,//img.alicdn.com/bao/uploaded/i3/2363843957/O1CN01THS9z01f6M9SjwOH4_!!2363843957-2-paimai_gov.png,19641257.6,33177800.0,3509,0
768520253547,//sf-item.taobao.com/sf_item/768520253547.htm?track_id=e8e596ca-7c03-4b75-bf32-d04eb4c3e357,北京市通州区疃里南区39号楼5层7单元501住宅房地产,//img.alicdn.com/bao/uploaded/i3/2215302498487/O1CN01AvSEEW2CZ6KtuliSm_!!2215302498487-0-paimai_gov.jpg,2023000.0,2890000.0,1238,0
766633831727,//sf-item.taobao.com/sf_item/766633831727.htm?track_id=e8e596ca-7c03-4b75-bf32-d04eb4c3e357,北京市朝阳区建国路88号院7号楼10至11层1104,//img.alicdn.com/bao/uploaded/i2/2046195679/O1CN01iS4LD91rp2BHoqvra_!!2046195679-0-paimai_gov.jpg,7400000.0,10468300.0,2457,0
768787372921,//sf-item.taobao.com/sf_item/768787372921.htm?track_id=e8e596ca-7c03-4b75-bf32-d04eb4c3e357,北京市大兴区黄村镇滨河坊12号楼6层1-603,//img.alicdn.com/bao/uploaded/i1/2240421944/O1CN01w9VzuB1QEOsVBOk0Y_!!2240421944-0-paimai_gov.jpg,1601600.0,2860000.0,769,0
768673887027,//sf-item.taobao.com/sf_item/768673887027.htm?track_id=e8e596ca-7c03-4b75-bf32-d04eb4c3e357,北京市昌平区东小口镇天通苑小区东苑55号楼5层1号房屋,//img.alicdn.com/bao/uploaded/i2/2240421956/O1CN01f07eRd1QJtdEGXkHF_!!2240421956-0-paimai_gov.jpg,2718018.0,4246903.0,794,0
768954217249,//sf-item.taobao.com/sf_item/768954217249.htm?track_id=e8e596ca-7c03-4b75-bf32-d04eb4c3e357,北京市怀柔区南大街7号楼5层2-502的房屋,//img.alicdn.com/bao/uploaded/i4/2240411921/O1CN016RoL4B1Q3rll1841X_!!2240411921-0-paimai_gov.jpg,1791045.76,3198296.0,513,0
768779852790,//sf-item.taobao.com/sf_item/768779852790.htm?track_id=e8e596ca-7c03-4b75-bf32-d04eb4c3e357,北京市丰台区顺三条21号3号楼10层5单元1002房屋,//img.alicdn.com/bao/uploaded/i4/2780241460/O1CN01N8cimR1MejBMLEIGl_!!2780241460-0-paimai_gov.jpg,1800000.0,2221804.0,553,0
766868062036,//sf-item.taobao.com/sf_item/766868062036.htm?track_id=e8e596ca-7c03-4b75-bf32-d04eb4c3e357,北京市怀柔区西园14号楼12层B的房屋,//img.alicdn.com/bao/uploaded/i2/2240411921/O1CN01whcTst1Q3rlY4o9sA_!!2240411921-0-paimai_gov.jpg,3108172.9,4440247.0,1410,0
768861774255,//sf-item.taobao.com/sf_item/768861774255.htm?track_id=e8e596ca-7c03-4b75-bf32-d04eb4c3e357,北京市通州区宋庄镇四海公寓43号楼5层151号房屋,//img.alicdn.com/bao/uploaded/i2/2240421956/O1CN01oIXo2T1QJtdBjZqfS_!!2240421956-0-paimai_gov.jpg,2208157.0,3450246.0,441,0
768650754382,//sf-item.taobao.com/sf_item/768650754382.htm?track_id=e8e596ca-7c03-4b75-bf32-d04eb4c3e357,北京市丰台区顺三条21号3号楼9层5单元901房屋,//img.alicdn.com/bao/uploaded/i2/2780241460/O1CN01eUi9RW1MejBNauL6z_!!2780241460-0-paimai_gov.jpg,1900000.0,2337457.0,970,0
766787219952,//sf-item.taobao.com/sf_item/766787219952.htm?track_id=e8e596ca-7c03-4b75-bf32-d04eb4c3e357,北京市西城区太平桥大街98号院2号楼5层2门601,//img.alicdn.com/bao/uploaded/i2/2240421944/O1CN011UBYJq1QEOsPr152O_!!2240421944-0-paimai_gov.jpg,32284000.0,46120000.0,4949,0
768042646785,//sf-item.taobao.com/sf_item/768042646785.htm?track_id=e8e596ca-7c03-4b75-bf32-d04eb4c3e357,北京市密云区花园小区31号楼6层2单元601,//img.alicdn.com/bao/uploaded/i1/2046195679/O1CN01NkBvMP1rp2BOBrHcb_!!2046195679-0-paimai_gov.jpg,1450000.0,2580343.0,658,0
766742670013,//sf-item.taobao.com/sf_item/766742670013.htm?track_id=e8e596ca-7c03-4b75-bf32-d04eb4c3e357,北京市东城区东直门外大街乙36号院5号楼8层902号,//img.alicdn.com/bao/uploaded/i4/2040098540/O1CN01DT3MLU2CxNKHaev2K_!!2040098540-2-paimai_gov.png,21541728.54,26927160.67,3806,0
768738501401,//sf-item.taobao.com/sf_item/768738501401.htm?track_id=e8e596ca-7c03-4b75-bf32-d04eb4c3e357,北京市朝阳区四季星河中街1号院8号楼9至10层3单元601,//img.alicdn.com/bao/uploaded/i4/3191181383/O1CN014IF5Wk1M5SgaHN9Hl_!!3191181383-0-paimai_gov.jpg,36617529.0,45771911.0,1199,0
768856846205,//sf-item.taobao.com/sf_item/768856846205.htm?track_id=e8e596ca-7c03-4b75-bf32-d04eb4c3e357,北京市丰台区顺三条21号3号楼10层5单元1101房屋,//img.alicdn.com/bao/uploaded/i3/2780241460/O1CN01K3QY7j1MejBOb2ZXs_!!2780241460-0-paimai_gov.jpg,1880000.0,2317457.0,444,0
768097883299,//sf-item.taobao.com/sf_item/768097883299.htm?track_id=e8e596ca-7c03-4b75-bf32-d04eb4c3e357,北京市大兴区大兴工业开发区广茂大街5号院3号楼5层15-503,//img.alicdn.com/bao/uploaded/i3/2240421944/O1CN01IxO8Uh1QEOsIolqvz_!!2240421944-0-paimai_gov.jpg,2352000.0,4200000.0,1016,0
768920742100,//sf-item.taobao.com/sf_item/768920742100.htm?track_id=e8e596ca-7c03-4b75-bf32-d04eb4c3e357,北京市通州区东潞苑八区55号楼1至3层111房产,//img.alicdn.com/bao/uploaded/i3/3179864818/O1CN01OYotHt1lShAl9Bad8_!!3179864818-0-paimai_gov.jpg,6792764.0,8490956.0,554,0
766956398978,//sf-item.taobao.com/sf_item/766956398978.htm?track_id=e8e596ca-7c03-4b75-bf32-d04eb4c3e357,北京市怀柔区青春路六院14号楼2层3单元203的房屋,//img.alicdn.com/bao/uploaded/i3/2240411921/O1CN01CgK38w1Q3rlaBwDW5_!!2240411921-0-paimai_gov.jpg,1860819.1,2658313.0,3535,0
766842406860,//sf-item.taobao.com/sf_item/766842406860.htm?track_id=e8e596ca-7c03-4b75-bf32-d04eb4c3e357,北京市平谷区平谷镇向阳北街4号楼3层4-3-27,//img.alicdn.com/bao/uploaded/i2/2232715272/O1CN01deEYyw1oocyyhFuy9_!!2232715272-0-paimai_gov.jpg,1710000.0,2433181.0,849,0
766846470118,//sf-item.taobao.com/sf_item/766846470118.htm?track_id=e8e596ca-7c03-4b75-bf32-d04eb4c3e357,北京市平谷区永安家园9号楼5层4单元502,//img.alicdn.com/bao/uploaded/i3/2232715272/O1CN01sU7JVb1oocyxp98hY_!!2232715272-0-paimai_gov.jpg,2550000.0,3639822.34,908,0
768436062190,//sf-item.taobao.com/sf_item/768436062190.htm?track_id=e8e596ca-7c03-4b75-bf32-d04eb4c3e357,北京市东城区北极阁路1号院1号楼2层2-203,//img.alicdn.com/bao/uploaded/i1/2335939147/O1CN01cE34Uu2HRNju94QB0_!!2335939147-0-paimai_gov.jpg,11353063.5,0.0,922,0
768444261039,//sf-item.taobao.com/sf_item/768444261039.htm?track_id=e8e596ca-7c03-4b75-bf32-d04eb4c3e357,北京市怀柔区庙城镇庙城293号院3号楼328.330.331.333.335五套,//img.alicdn.com/bao/uploaded/i2/2240322043/O1CN01cWTOQi1Qxk5Tdwj2T_!!2240322043-0-paimai_gov.jpg,4820000.0,8595210.0,602,0
768847780209,//sf-item.taobao.com/sf_item/768847780209.htm?track_id=e8e596ca-7c03-4b75-bf32-d04eb4c3e357,北京市海淀区褐石园8号楼4层2单元207,//img.alicdn.com/bao/uploaded/i1/3193095053/O1CN01xgWV701nCKFMoMljH_!!3193095053-0-paimai_gov.jpg,21525000.0,26904800.0,799,0
768191156688,//sf-item.taobao.com/sf_item/768191156688.htm?track_id=e8e596ca-7c03-4b75-bf32-d04eb4c3e357,北京市大兴区郁花园二里18号楼层1-201室,//img.alicdn.com/bao/uploaded/i3/2659239958/O1CN01FJTrLE2NQowrDFexG_!!2659239958-0-paimai_gov.jpg,4854435.0,5711100.0,829,0
768859698461,//sf-item.taobao.com/sf_item/768859698461.htm?track_id=e8e596ca-7c03-4b75-bf32-d04eb4c3e357,北京市平谷区平谷镇林荫家园8号楼3层(2)-3-5,//img.alicdn.com/bao/uploaded/i1/2232715272/O1CN01SnUDgN1oocz6Hqd67_!!2232715272-0-paimai_gov.jpg,1920000.0,2731172.0,283,0
768707899659,//sf-item.taobao.com/sf_item/768707899659.htm?track_id=e8e596ca-7c03-4b75-bf32-d04eb4c3e357,北京市顺义区石园东苑7号楼4层八单元402:90.28(㎡),//img.alicdn.com/bao/uploaded/i1/2240322043/O1CN012QgpSZ1Qxk5ZubdaM_!!2240322043-0-paimai_gov.jpg,2600000.0,3020919.33,446,0
768285422740,//sf-item.taobao.com/sf_item/768285422740.htm?track_id=e8e596ca-7c03-4b75-bf32-d04eb4c3e357,拍卖位于北京市丰台区万兴路3号院3号楼7层二单元702号的商品房一套,//img.alicdn.com/bao/uploaded/i3/2066132235/O1CN01L1A8hJ1SNg8GXVBap_!!2066132235-0-paimai_gov.jpg,10535184.0,14632200.0,684,0
768358396995,//sf-item.taobao.com/sf_item/768358396995.htm?track_id=e8e596ca-7c03-4b75-bf32-d04eb4c3e357,北京市朝阳区芳园南里9号院4号楼7层805,//img.alicdn.com/bao/uploaded/i3/2232785245/O1CN012PnFpa1ocGI4nRbti_!!2232785245-0-paimai_gov.jpg,11200000.0,0.0,1058,0
766844826562,//sf-item.taobao.com/sf_item/766844826562.htm?track_id=e8e596ca-7c03-4b75-bf32-d04eb4c3e357,北京市门头沟区新桥家园2号楼20-A东,//img.alicdn.com/bao/uploaded/i2/2046195679/O1CN01mkHl8z1rp2BIhdrjY_!!2046195679-0-paimai_gov.jpg,1880000.0,2676868.66,2493,0
766863305126,//sf-item.taobao.com/sf_item/766863305126.htm?track_id=e8e596ca-7c03-4b75-bf32-d04eb4c3e357,北京市房山区长阳镇悦都新苑一区7号楼11层3单元1102,//img.alicdn.com/bao/uploaded/i1/2240421944/O1CN010zJc4s1QEOsL0St8T_!!2240421944-0-paimai_gov.jpg,3136000.0,0.0,1655,0
768517462676,//sf-item.taobao.com/sf_item/768517462676.htm?track_id=e8e596ca-7c03-4b75-bf32-d04eb4c3e357,北京市海淀区瀚河园104号楼-1至3层全部,//img.alicdn.com/bao/uploaded/i2/2030168435/O1CN018NgzJO2CBHjyJ7mJ6_!!2030168435-0-paimai_gov.jpg,27759980.0,32658800.0,1540,0
768784948235,//sf-item.taobao.com/sf_item/768784948235.htm?track_id=e8e596ca-7c03-4b75-bf32-d04eb4c3e357,北京市延庆区新兴小区23号楼5层五单元510房屋,//img.alicdn.com/bao/uploaded/i1/2240421956/O1CN01RROVQ21QJtdEFIWwA_!!2240421956-0-paimai_gov.jpg,996512.0,1779483.0,444,0
769147695301,//sf-item.taobao.com/sf_item/769147695301.htm?track_id=e8e596ca-7c03-4b75-bf32-d04eb4c3e357,北京市朝阳区八里庄北里217号楼1至2层4单元102,//img.alicdn.com/bao/uploaded/i3/2235258307/O1CN01mZlXEP2BEf2npLNEI_!!2235258307-0-paimai_gov.jpg,15747130.0,22495900.0,340,0
769087179655,//sf-item.taobao.com/sf_item/769087179655.htm?track_id=e8e596ca-7c03-4b75-bf32-d04eb4c3e357,北京市房山区良乡地区伟业嘉园西里5号楼6层3-602，3-602跃层,//img.alicdn.com/bao/uploaded/i3/2231298949/O1CN01YPm3pI2FyhJizBgTB_!!2231298949-0-paimai_gov.jpg,4880000.0,8705495.0,200,0
768699498879,//sf-item.taobao.com/sf_item/768699498879.htm?track_id=e8e596ca-7c03-4b75-bf32-d04eb4c3e357,平谷区平谷镇建兰馨居4号楼6层（3）-6-11,//img.alicdn.com/bao/uploaded/i4/2232715272/O1CN014Nvkld1oocz8ue6gl_!!2232715272-0-paimai_gov.jpg,1324145.0,2068957.33,362,0
766178660266,//sf-item.taobao.com/sf_item/766178660266.htm?track_id=e8e596ca-7c03-4b75-bf32-d04eb4c3e357,北京市朝阳区北四环中路27号院3号楼11单元2301号,//img.alicdn.com/bao/uploaded/i2/2143207404/O1CN01tEe97i24Z5OTvdNgg_!!2143207404-0-paimai_gov.jpg,109836930.0,156909900.0,2815,0
766259202292,//sf-item.taobao.com/sf_item/766259202292.htm?track_id=e8e596ca-7c03-4b75-bf32-d04eb4c3e357,北京市朝阳区北四环中路27号院3号楼12单元2301号,//img.alicdn.com/bao/uploaded/i4/2143207404/O1CN010AhH6V24Z5OUe7oQy_!!2143207404-0-paimai_gov.jpg,106876420.0,152680600.0,1325,0
766288783811,//sf-item.taobao.com/sf_item/766288783811.htm?track_id=e8e596ca-7c03-4b75-bf32-d04eb4c3e357,北京市朝阳区北四环中路27号院3号楼15单元501号,//img.alicdn.com/bao/uploaded/i1/2143207404/O1CN01UOeQG924Z5OTqfNaH_!!2143207404-0-paimai_gov.jpg,41044570.0,58635100.0,3033,0
766263753951,//sf-item.taobao.com/sf_item/766263753951.htm?track_id=e8e596ca-7c03-4b75-bf32-d04eb4c3e357,北京市朝阳区北四环中路27号院3号楼1单元2301号,//img.alicdn.com/bao/uploaded/i4/2143207404/O1CN01Wxk7To24Z5OXJHllV_!!2143207404-0-paimai_gov.jpg,91002310.0,130003300.0,1736,0
766160716546,//sf-item.taobao.com/sf_item/766160716546.htm?track_id=e8e596ca-7c03-4b75-bf32-d04eb4c3e357,北京市朝阳区北四环中路27号院3号楼15单元2301号,//img.alicdn.com/bao/uploaded/i2/2143207404/O1CN01CczUvB24Z5OUemhBf_!!2143207404-0-paimai_gov.jpg,100926700.0,144181000.0,1252,0
766178588622,//sf-item.taobao.com/sf_item/766178588622.htm?track_id=e8e596ca-7c03-4b75-bf32-d04eb4c3e357,北京市朝阳区北四环中路27号院3号楼3单元2301号,//img.alicdn.com/bao/uploaded/i1/2143207404/O1CN01nTVzWp24Z5OUjla3c_!!2143207404-0-paimai_gov.jpg,95598230.0,136568900.0,1396,0
766178588602,//sf-item.taobao.com/sf_item/766178588602.htm?track_id=e8e596ca-7c03-4b75-bf32-d04eb4c3e357,北京市朝阳区北四环中路27号院3号楼10单元2301号,//img.alicdn.com/bao/uploaded/i2/2143207404/O1CN01wERVMr24Z5OUjkqIp_!!2143207404-0-paimai_gov.jpg,92912680.0,132732400.0,810,0
766178872041,//sf-item.taobao.com/sf_item/766178872041.htm?track_id=e8e596ca-7c03-4b75-bf32-d04eb4c3e357,北京市朝阳区北四环中路27号院3号楼7单元1101号,//img.alicdn.com/bao/uploaded/i4/2143207404/O1CN01BXvwcE24Z5OWQny5W_!!2143207404-0-paimai_gov.jpg,44433130.0,63475900.0,585,0
766263893896,//sf-item.taobao.com/sf_item/766263893896.htm?track_id=e8e596ca-7c03-4b75-bf32-d04eb4c3e357,北京市朝阳区北四环中路27号院3号楼7单元2301号,//img.alicdn.com/bao/uploaded/i2/2143207404/O1CN015OJif324Z5OTvhH3V_!!2143207404-0-paimai_gov.jpg,102601660.0,146573800.0,2599,0
766178764217,//sf-item.taobao.com/sf_item/766178764217.htm?track_id=e8e596ca-7c03-4b75-bf32-d04eb4c3e357,北京市朝阳区北四环中路27号院3号楼8单元2301号,//img.alicdn.com/bao/uploaded/i3/2143207404/O1CN01AImeYP24Z5OLzaIdD_!!2143207404-0-paimai_gov.jpg,95653180.0,136647400.0,722,0
766288923361,//sf-item.taobao.com/sf_item/766288923361.htm?track_id=e8e596ca-7c03-4b75-bf32-d04eb4c3e357,北京市朝阳区北四环中路27号院3号楼6单元1001号,//img.alicdn.com/bao/uploaded/i2/2143207404/O1CN01pj7DPC24Z5OZ6e9X2_!!2143207404-0-paimai_gov.jpg,45748780.0,65355400.0,616,0
766179752167,//sf-item.taobao.com/sf_item/766179752167.htm?track_id=e8e596ca-7c03-4b75-bf32-d04eb4c3e357,北京市朝阳区北四环中路27号院3号楼8单元501号,//img.alicdn.com/bao/uploaded/i3/2143207404/O1CN014Cr6GT24Z5OS3YJ68_!!2143207404-0-paimai_gov.jpg,41266540.0,58952200.0,545,0
766178588857,//sf-item.taobao.com/sf_item/766178588857.htm?track_id=e8e596ca-7c03-4b75-bf32-d04eb4c3e357,北京市朝阳区北四环中路27号院3号楼8单元601号,//img.alicdn.com/bao/uploaded/i3/2143207404/O1CN01XJhg8V24Z5OS3K4Xm_!!2143207404-0-paimai_gov.jpg,42853860.0,61219800.0,767,0
766264717648,//sf-item.taobao.com/sf_item/766264717648.htm?track_id=e8e596ca-7c03-4b75-bf32-d04eb4c3e357,北京市朝阳区北四环中路27号院3号楼2单元2301号,//img.alicdn.com/bao/uploaded/i4/2143207404/O1CN01ByTFKC24Z5OTvvmE3_!!2143207404-0-paimai_gov.jpg,102913580.0,147019400.0,1890,0
766179644186,//sf-item.taobao.com/sf_item/766179644186.htm?track_id=e8e596ca-7c03-4b75-bf32-d04eb4c3e357,北京市朝阳区北四环中路27号院3号楼6单元801号,//img.alicdn.com/bao/uploaded/i4/2143207404/O1CN01GATTkn24Z5OXiLjgf_!!2143207404-0-paimai_gov.jpg,45748780.0,65355400.0,568,0
766264157204,//sf-item.taobao.com/sf_item/766264157204.htm?track_id=e8e596ca-7c03-4b75-bf32-d04eb4c3e357,北京市朝阳区北四环中路27号院3号楼8单元1901号,//img.alicdn.com/bao/uploaded/i2/2143207404/O1CN01c5Qe0z24Z5OWCRczF_!!2143207404-0-paimai_gov.jpg,46425190.0,66321700.0,697,0
766179596528,//sf-item.taobao.com/sf_item/766179596528.htm?track_id=e8e596ca-7c03-4b75-bf32-d04eb4c3e357,北京市朝阳区北四环中路27号院3号楼9单元2301号,//img.alicdn.com/bao/uploaded/i1/2143207404/O1CN01PczIs424Z5OTvxO7Y_!!2143207404-0-paimai_gov.jpg,89712980.0,128161400.0,1287,0
766177172262,//sf-item.taobao.com/sf_item/766177172262.htm?track_id=e8e596ca-7c03-4b75-bf32-d04eb4c3e357,北京市朝阳区北四环中路27号院3号楼6单元601号,//img.alicdn.com/bao/uploaded/i4/2143207404/O1CN01GfDrWh24Z5OQWFrxc_!!2143207404-0-paimai_gov.jpg,43989330.0,62841900.0,752,0
766289079011,//sf-item.taobao.com/sf_item/766289079011.htm?track_id=e8e596ca-7c03-4b75-bf32-d04eb4c3e357,北京市朝阳区北四环中路27号院3号楼7单元501号,//img.alicdn.com/bao/uploaded/i4/2143207404/O1CN01XNJMQ024Z5OXiN925_!!2143207404-0-paimai_gov.jpg,41141730.0,58773900.0,652,0
766179548333,//sf-item.taobao.com/sf_item/766179548333.htm?track_id=e8e596ca-7c03-4b75-bf32-d04eb4c3e357,北京市朝阳区北四环中路27号院3号楼5单元501号,//img.alicdn.com/bao/uploaded/i3/2143207404/O1CN01NmELSE24Z5OVjNwA6_!!2143207404-0-paimai_gov.jpg,42541730.0,60773900.0,677,0
766179476811,//sf-item.taobao.com/sf_item/766179476811.htm?track_id=e8e596ca-7c03-4b75-bf32-d04eb4c3e357,北京市朝阳区北四环中路27号院3号楼6单元501号,//img.alicdn.com/bao/uploaded/i3/2143207404/O1CN01AHkTER24Z5OS3crtv_!!2143207404-0-paimai_gov.jpg,42359940.0,60514200.0,682,0
764574544680,//sf-item.taobao.com/sf_item/764574544680.htm?track_id=e8e596ca-7c03-4b75-bf32-d04eb4c3e357,北京市经济技术开发区定海园一里10号楼9层3单元903号房产,//img.alicdn.com/bao/uploaded/i4/3430886576/O1CN01UcgyHY1yRrSG9lHOp_!!3430886576-0-paimai_gov.jpg,2701759.0,3215370.0,5825,7
764687934887,//sf-item.taobao.com/sf_item/764687934887.htm?track_id=e8e596ca-7c03-4b75-bf32-d04eb4c3e357,北京市通州区39号楼4层641号房产,//img.alicdn.com/bao/uploaded/i4/3430886576/O1CN019WSIJ21yRrSIj6SSl_!!3430886576-0-paimai_gov.jpg,1452062.3,2070089.0,8584,4
755224655420,//sf-item.taobao.com/sf_item/755224655420.htm?track_id=e8e596ca-7c03-4b75-bf32-d04eb4c3e357,北京市东城区安定门东滨河路3号院A座14层雍锦园1601号（267.32㎡）,//img.alicdn.com/bao/uploaded/i3/2260867569/O1CN01xuihUG25mejGkMA2Y_!!2260867569-0-paimai_gov.jpg,23919952.0,42714200.0,15169,0
764848186090,//sf-item.taobao.com/sf_item/764848186090.htm?track_id=e8e596ca-7c03-4b75-bf32-d04eb4c3e357,北京市朝阳区青年路西里3号院9号楼1层1-28号配套商业用途房地产,//img.alicdn.com/bao/uploaded/i3/3179673814/O1CN01AoEd5m1e2rW1yyESf_!!3179673814-0-paimai_gov.jpg,8260000.0,8260000.0,2737,0
755807824838,//sf-item.taobao.com/sf_item/755807824838.htm?track_id=e8e596ca-7c03-4b75-bf32-d04eb4c3e357,北京市朝阳区紫芳路9号院1号楼22层2605A房屋一套,//img.alicdn.com/bao/uploaded/i2/3032145860/O1CN01AuUOBW1t9vqqCJCnQ_!!3032145860-2-paimai_gov.png,6528296.23,0.0,14127,1
765670426393,//sf-item.taobao.com/sf_item/765670426393.htm?track_id=e8e596ca-7c03-4b75-bf32-d04eb4c3e357,北京市东城区国瑞城西区2楼6层601房产,//img.alicdn.com/bao/uploaded/i1/3182154033/O1CN01xcaDOW1ffAFt333LF_!!3182154033-0-paimai_gov.jpg,13607500.0,20161717.0,8479,2
765563932312,//sf-item.taobao.com/sf_item/765563932312.htm?track_id=e8e596ca-7c03-4b75-bf32-d04eb4c3e357,北京市东城区崇文门外大街20号1幢5层502号房产,//img.alicdn.com/bao/uploaded/i1/3182154033/O1CN01CKUUOJ1ffAFxg85g2_!!3182154033-0-paimai_gov.jpg,18785293.0,29352019.0,2434,1
765681055928,//sf-item.taobao.com/sf_item/765681055928.htm?track_id=e8e596ca-7c03-4b75-bf32-d04eb4c3e357,北京市东城区崇文门外大街20号1幢8层802号房产,//img.alicdn.com/bao/uploaded/i1/3182154033/O1CN01MBxxZB1ffAFt1E4Vc_!!3182154033-0-paimai_gov.jpg,19064293.0,29352019.0,2777,2
754138752033,//sf-item.taobao.com/sf_item/754138752033.htm?track_id=e8e596ca-7c03-4b75-bf32-d04eb4c3e357,北京市丰台区和义东里一区6号楼6门602号,//img.alicdn.com/bao/uploaded/i2/2046195679/O1CN01hEMI3q1rp2AAzGoRr_!!2046195679-0-paimai_gov.jpg,2210000.0,3176131.0,14689,0
764365126453,//sf-item.taobao.com/sf_item/764365126453.htm?track_id=e8e596ca-7c03-4b75-bf32-d04eb4c3e357,北京市通州区环景路18号院6号楼16层1601及室内家具一宗,//img.alicdn.com/bao/uploaded/i3/3191171467/O1CN01dYWOn81Mhvwk6qn1H_!!3191171467-0-paimai_gov.jpg,2100000.0,3000000.0,5023,1
766631223006,//sf-item.taobao.com/sf_item/766631223006.htm?track_id=e8e596ca-7c03-4b75-bf32-d04eb4c3e357,大兴区庞各庄镇龙景湾丁区120号楼9层1-902,//img.alicdn.com/bao/uploaded/i1/2143207404/O1CN010dBVAE24Z5OVYEJCJ_!!2143207404-0-paimai_gov.jpg,3176252.24,5671879.0,2721,0
764390433223,//sf-item.taobao.com/sf_item/764390433223.htm?track_id=e8e596ca-7c03-4b75-bf32-d04eb4c3e357,平谷区黄松峪乡世外桃苑232号楼1至3层101,//img.alicdn.com/bao/uploaded/i2/2235128287/O1CN01PvOAfY2B5V7MIPiBI_!!2235128287-0-paimai_gov.jpg,4885370.7,0.0,1699,0
754342926811,//sf-item.taobao.com/sf_item/754342926811.htm?track_id=e8e596ca-7c03-4b75-bf32-d04eb4c3e357,北京市平谷区林荫家园10号楼6层（1）-6-11,//img.alicdn.com/bao/uploaded/i4/2232715272/O1CN01fK98WW1oocxvGrBFe_!!2232715272-0-paimai_gov.jpg,1952000.0,3055616.0,4951,0
763216616612,//sf-item.taobao.com/sf_item/763216616612.htm?track_id=e8e596ca-7c03-4b75-bf32-d04eb4c3e357,北京市大兴区旧宫镇清欣园甲12号楼6层3-602,//img.alicdn.com/bao/uploaded/i1/2260867569/O1CN01Rp011i25mejuws3pD_!!2260867569-0-paimai_gov.jpg,2910000.0,4155967.0,4192,0
764684672488,//sf-item.taobao.com/sf_item/764684672488.htm?track_id=e8e596ca-7c03-4b75-bf32-d04eb4c3e357,丰台区枫竹苑一区7号楼-1至4层08,//img.alicdn.com/bao/uploaded/i1/2046195679/O1CN01VcpL111rp2B7qRDPe_!!2046195679-0-paimai_gov.jpg,13750000.0,20160711.0,5548,9
764815539478,//sf-item.taobao.com/sf_item/764815539478.htm?track_id=e8e596ca-7c03-4b75-bf32-d04eb4c3e357,丰台区枫竹苑一区7号楼-1至4层09,//img.alicdn.com/bao/uploaded/i4/2046195679/O1CN01m05vyQ1rp2B8qJLdJ_!!2046195679-0-paimai_gov.jpg,13960000.0,20806265.33,8757,7
762900097670,//sf-item.taobao.com/sf_item/762900097670.htm?track_id=e8e596ca-7c03-4b75-bf32-d04eb4c3e357,丰台区鑫润路2号院13号楼8层3单元803,//img.alicdn.com/bao/uploaded/i2/2046195679/O1CN01YhmbRb1rp2B1zVkn2_!!2046195679-0-paimai_gov.jpg,2129000.0,3041227.0,5859,3
765896155975,//sf-item.taobao.com/sf_item/765896155975.htm?track_id=e8e596ca-7c03-4b75-bf32-d04eb4c3e357,北京市大兴区龙景湾四区43号楼2层2单元202。,//img.alicdn.com/bao/uploaded/i4/2240421944/O1CN01kAbwJD1QEOsGC6wfk_!!2240421944-0-paimai_gov.jpg,3399200.0,6070000.0,5030,1
763879095219,//sf-item.taobao.com/sf_item/763879095219.htm?track_id=e8e596ca-7c03-4b75-bf32-d04eb4c3e357,北京市石景山区八角南路19号楼5单元1层51号房屋,//img.alicdn.com/bao/uploaded/i4/2240282320/O1CN01haeF1D1T0bnCT23er_!!2240282320-0-paimai_gov.jpg,2363000.0,3375204.0,6202,0
763554654496,//sf-item.taobao.com/sf_item/763554654496.htm?track_id=e8e596ca-7c03-4b75-bf32-d04eb4c3e357,北京市石景山区依翠园8号楼5单元302号,//img.alicdn.com/bao/uploaded/i1/2143207404/O1CN01SZWBKn24Z5OBVoVsN_!!2143207404-0-paimai_gov.jpg,1977514.0,2825020.0,5744,1
763208094521,//sf-item.taobao.com/sf_item/763208094521.htm?track_id=e8e596ca-7c03-4b75-bf32-d04eb4c3e357,北京市大兴区黄村镇滨河坊12号楼6层1-603,//img.alicdn.com/bao/uploaded/i4/2240421944/O1CN016twKVl1QEOrxu2Q8G_!!2240421944-0-paimai_gov.jpg,2002000.0,2860000.0,3566,0
764777953132,//sf-item.taobao.com/sf_item/764777953132.htm?track_id=e8e596ca-7c03-4b75-bf32-d04eb4c3e357,延庆区上都首府家园1号楼10层2单元1101,//img.alicdn.com/bao/uploaded/i4/2046195679/O1CN01Rw2bQv1rp2B9YFGYY_!!2046195679-0-paimai_gov.jpg,3790000.0,5916622.33,2049,0
766518062742,//sf-item.taobao.com/sf_item/766518062742.htm?track_id=e8e596ca-7c03-4b75-bf32-d04eb4c3e357,北京市平谷区春曦园14号楼16层3单元1604,//img.alicdn.com/bao/uploaded/i1/2232715272/O1CN01ewxje81oocyu7HR8M_!!2232715272-0-paimai_gov.jpg,1290000.0,2011566.0,2025,1
766499921113,//sf-item.taobao.com/sf_item/766499921113.htm?track_id=e8e596ca-7c03-4b75-bf32-d04eb4c3e357,北京市平谷区平谷镇乐园西小区52号楼5层（2）-5-10,//img.alicdn.com/bao/uploaded/i4/2232715272/O1CN010qKCxC1oocz0zwRPK_!!2232715272-0-paimai_gov.jpg,1320000.0,2351429.0,1577,1
765267079029,//sf-item.taobao.com/sf_item/765267079029.htm?track_id=e8e596ca-7c03-4b75-bf32-d04eb4c3e357,北京市朝阳区京通苑23号楼16层1608,//img.alicdn.com/bao/uploaded/i4/2040098540/O1CN01uV1ppW2CxNK85Kh1q_!!2040098540-0-paimai_gov.jpg,4166884.3,6348007.67,10822,6
766305379002,//sf-item.taobao.com/sf_item/766305379002.htm?track_id=e8e596ca-7c03-4b75-bf32-d04eb4c3e357,北京市通州区于家务西里3号楼3层2单元301号房产,//img.alicdn.com/bao/uploaded/i3/2234908182/O1CN017OVZFT2AJPX6vJdVz_!!2234908182-0-paimai_gov.jpg,1300976.0,1894600.0,7492,6
763221788508,//sf-item.taobao.com/sf_item/763221788508.htm?track_id=e8e596ca-7c03-4b75-bf32-d04eb4c3e357,北京市东城区外交部街甲17号楼2层3单元206号,//img.alicdn.com/bao/uploaded/i4/2231298949/O1CN01ihDXj82FyhJMSXF2x_!!2231298949-0-paimai_gov.jpg,6230000.0,8640000.0,9250,4
761957959844,//sf-item.taobao.com/sf_item/761957959844.htm?track_id=e8e596ca-7c03-4b75-bf32-d04eb4c3e357,北京市朝阳区甘露园2号楼7层2-806号的房屋,//img.alicdn.com/bao/uploaded/i4/2240411921/O1CN0137E7g21Q3rl4nSudx_!!2240411921-0-paimai_gov.jpg,4861595.2,6945136.0,8032,0
763738673110,//sf-item.taobao.com/sf_item/763738673110.htm?track_id=e8e596ca-7c03-4b75-bf32-d04eb4c3e357,北京市丰台区西马场南里二区16号楼1层101,//img.alicdn.com/bao/uploaded/i4/2046195679/O1CN01OkUYQc1rp2B647KFY_!!2046195679-0-paimai_gov.jpg,1830000.0,2607598.66,5583,0
